STRUCTURE,STRUCTURE_ID,STRUCTURE_NAME,ACTION,REF_AREA,Reference area,FREQ,Frequency of observation,METHODOLOGY,Methodology,MEASURE,Measure,UNIT_MEASURE,Unit of measure,EXPENDITURE,Expenditure,ADJUSTMENT,Adjustment,TRANSFORMATION,Transformation,TIME_PERIOD,Time period,OBS_VALUE,Observation value,OBS_STATUS,Observation status,UNIT_MULT,Unit multiplier,BASE_PER,Base period,DURABILITY,Durability,DECIMALS,Decimals
DATAFLOW,OECD.SDD.TPS:DSD_PRICES@DF_PRICES_ALL(1.0),"Consumer price indices (CPIs, HICPs), COICOP 1999",I,USA,United States,M,Monthly,N,National,CPI,Consumer price index,PA,Percent per annum,CP045_0722,Energy,N,Neither seasonally adjusted nor calendar adjusted,GY,"Growth rate, over 1 year",2011-09,,19.27449,,A,Normal value,,,,,,,2,Two
DATAFLOW,OECD.SDD.TPS:DSD_PRICES@DF_PRICES_ALL(1.0),"Consumer price indices (CPIs, HICPs), COICOP 1999",I,USA,United States,M,Monthly,N,National,CPI,Consumer price index,PA,Percent per annum,CP045_0722,Energy,N,Neither seasonally adjusted nor calendar adjusted,GY,"Growth rate, over 1 year",2011-08,,18.35909,,A,Normal value,,,,,,,2,Two
DATAFLOW,OECD.SDD.TPS:DSD_PRICES@DF_PRICES_ALL(1.0),"Consumer price indices (CPIs, HICPs), COICOP 1999",I,USA,United States,M,Monthly,N,National,CPI,Consumer price index,PA,Percent per annum,CP045_0722,Energy,N,Neither seasonally adjusted nor calendar adjusted,GY,"Growth rate, over 1 year",1992-06,,2.318841,,A,Normal value,,,,,,,2,Two
DATAFLOW,OECD.SDD.TPS:DSD_PRICES@DF_PRICES_ALL(1.0),"Consumer price indices (CPIs, HICPs), COICOP 1999",I,USA,United States,M,Monthly,N,National,CPI,Consumer price index,PA,Percent per annum,CP045_0722,Energy,N,Neither seasonally adjusted nor calendar adjusted,GY,"Growth rate, over 1 year",1992-05,,0.2938296,,A,Normal value,,,,,,,2,Two
DATAFLOW,OECD.SDD.TPS:DSD_PRICES@DF_PRICES_ALL(1.0),"Consumer price indices (CPIs, HICPs), COICOP 1999",I,USA,United States,M,Monthly,N,National,CPI,Consumer price index,PA,Percent per annum,CP045_0722,Energy,N,Neither seasonally adjusted nor calendar adjusted,GY,"Growth rate, over 1 year",1992-04,,0,,A,Normal value,,,,,,,2,Two
DATAFLOW,OECD.SDD.TPS:DSD_PRICES@DF_PRICES_ALL(1.0),"Consumer price indices (CPIs, HICPs), COICOP 1999",I,USA,United States,M,Monthly,N,National,CPI,Consumer price index,PA,Percent per annum,CP045_0722,Energy,N,Neither seasonally adjusted nor calendar adjusted,GY,"Growth rate, over 1 year",1992-03,,-0.8024072,,A,Normal value,,,,,,,2,Two
DATAFLOW,OECD.SDD.TPS:DSD_PRICES@DF_PRICES_ALL(1.0),"Consumer price indices (CPIs, HICPs), COICOP 1999",I,USA,United States,M,Monthly,N,National,CPI,Consumer price index,PA,Percent per annum,CP045_0722,Energy,N,Neither seasonally adjusted nor calendar adjusted,GY,"Growth rate, over 1 year",1992-02,,-3.696498,,A,Normal value,,,,,,,2,Two
DATAFLOW,OECD.SDD.TPS:DSD_PRICES@DF_PRICES_ALL(1.0),"Consumer price indices (CPIs, HICPs), COICOP 1999",I,USA,United States,M,Monthly,N,National,CPI,Consumer price index,PA,Percent per annum,CP045_0722,Energy,N,Neither seasonally adjusted nor calendar adjusted,GY,"Growth rate, over 1 year",1992-01,,-6.535948,,A,Normal value,,,,,,,2,Two
DATAFLOW,OECD.SDD.TPS:DSD_PRICES@DF_PRICES_ALL(1.0),"Consumer price indices (CPIs, HICPs), COICOP 1999",I,USA,United States,M,Monthly,N,National,CPI,Consumer price index,PA,Percent per annum,CP045_0722,Energy,N,Neither seasonally adjusted nor calendar adjusted,GY,"Growth rate, over 1 year",1993-08,,-0.1897533,,A,Normal value,,,,,,,2,Two
DATAFLOW,OECD.SDD.TPS:DSD_PRICES@DF_PRICES_ALL(1.0),"Consumer price indices (CPIs, HICPs), COICOP 1999",I,USA,United States,M,Monthly,N,National,CPI,Consumer price index,PA,Percent per annum,CP045_0722,Energy,N,Neither seasonally adjusted nor calendar adjusted,GY,"Growth rate, over 1 year",1993-07,,-0.1886792,,A,Normal value,,,,,,,2,Two
DATAFLOW,OECD.SDD.TPS:DSD_PRICES@DF_PRICES_ALL(1.0),"Consumer price indices (CPIs, HICPs), COICOP 1999",I,USA,United States,M,Monthly,N,National,CPI,Consumer price index,PA,Percent per annum,CP045_0722,Energy,N,Neither seasonally adjusted nor calendar adjusted,GY,"Growth rate, over 1 year",1993-06,,0.5665722,,A,Normal value,,,,,,,2,Two
DATAFLOW,OECD.SDD.TPS:DSD_PRICES@DF_PRICES_ALL(1.0),"Consumer price indices (CPIs, HICPs), COICOP 1999",I,USA,United States,M,Monthly,N,National,CPI,Consumer price index,PA,Percent per annum,CP045_0722,Energy,N,Neither seasonally adjusted nor calendar adjusted,GY,"Growth rate, over 1 year",1993-05,,1.953125,,A,Normal value,,,,,,,2,Two
DATAFLOW,OECD.SDD.TPS:DSD_PRICES@DF_PRICES_ALL(1.0),"Consumer price indices (CPIs, HICPs), COICOP 1999",I,USA,United States,M,Monthly,N,National,CPI,Consumer price index,PA,Percent per annum,CP045_0722,Energy,N,Neither seasonally adjusted nor calendar adjusted,GY,"Growth rate, over 1 year",1993-04,,3.61809,,A,Normal value,,,,,,,2,Two
DATAFLOW,OECD.SDD.TPS:DSD_PRICES@DF_PRICES_ALL(1.0),"Consumer price indices (CPIs, HICPs), COICOP 1999",I,USA,United States,M,Monthly,N,National,CPI,Consumer price index,PA,Percent per annum,CP045_0722,Energy,N,Neither seasonally adjusted nor calendar adjusted,GY,"Growth rate, over 1 year",1993-03,,3.64004,,A,Normal value,,,,,,,2,Two
DATAFLOW,OECD.SDD.TPS:DSD_PRICES@DF_PRICES_ALL(1.0),"Consumer price indices (CPIs, HICPs), COICOP 1999",I,USA,United States,M,Monthly,N,National,CPI,Consumer price index,PA,Percent per annum,CP045_0722,Energy,N,Neither seasonally adjusted nor calendar adjusted,GY,"Growth rate, over 1 year",1993-02,,3.232323,,A,Normal value,,,,,,,2,Two
DATAFLOW,OECD.SDD.TPS:DSD_PRICES@DF_PRICES_ALL(1.0),"Consumer price indices (CPIs, HICPs), COICOP 1999",I,USA,United States,M,Monthly,N,National,CPI,Consumer price index,PA,Percent per annum,CP045_0722,Energy,N,Neither seasonally adjusted nor calendar adjusted,GY,"Growth rate, over 1 year",1993-01,,3.296703,,A,Normal value,,,,,,,2,Two
DATAFLOW,OECD.SDD.TPS:DSD_PRICES@DF_PRICES_ALL(1.0),"Consumer price indices (CPIs, HICPs), COICOP 1999",I,USA,United States,M,Monthly,N,National,CPI,Consumer price index,PA,Percent per annum,CP045_0722,Energy,N,Neither seasonally adjusted nor calendar adjusted,GY,"Growth rate, over 1 year",1992-12,,1.962709,,A,Normal value,,,,,,,2,Two
DATAFLOW,OECD.SDD.TPS:DSD_PRICES@DF_PRICES_ALL(1.0),"Consumer price indices (CPIs, HICPs), COICOP 1999",I,USA,United States,M,Monthly,N,National,CPI,Consumer price index,PA,Percent per annum,CP045_0722,Energy,N,Neither seasonally adjusted nor calendar adjusted,GY,"Growth rate, over 1 year",1992-11,,2.652259,,A,Normal value,,,,,,,2,Two
DATAFLOW,OECD.SDD.TPS:DSD_PRICES@DF_PRICES_ALL(1.0),"Consumer price indices (CPIs, HICPs), COICOP 1999",I,USA,United States,M,Monthly,N,National,CPI,Consumer price index,PA,Percent per annum,CP045_0722,Energy,N,Neither seasonally adjusted nor calendar adjusted,GY,"Growth rate, over 1 year",1992-10,,2.652259,,A,Normal value,,,,,,,2,Two
DATAFLOW,OECD.SDD.TPS:DSD_PRICES@DF_PRICES_ALL(1.0),"Consumer price indices (CPIs, HICPs), COICOP 1999",I,USA,United States,M,Monthly,N,National,CPI,Consumer price index,PA,Percent per annum,CP045_0722,Energy,N,Neither seasonally adjusted nor calendar adjusted,GY,"Growth rate, over 1 year",1992-09,,2.220077,,A,Normal value,,,,,,,2,Two
DATAFLOW,OECD.SDD.TPS:DSD_PRICES@DF_PRICES_ALL(1.0),"Consumer price indices (CPIs, HICPs), COICOP 1999",I,USA,United States,M,Monthly,N,National,CPI,Consumer price index,PA,Percent per annum,CP045_0722,Energy,N,Neither seasonally adjusted nor calendar adjusted,GY,"Growth rate, over 1 year",1992-08,,2.429543,,A,Normal value,,,,,,,2,Two
DATAFLOW,OECD.SDD.TPS:DSD_PRICES@DF_PRICES_ALL(1.0),"Consumer price indices (CPIs, HICPs), COICOP 1999",I,USA,United States,M,Monthly,N,National,CPI,Consumer price index,PA,Percent per annum,CP045_0722,Energy,N,Neither seasonally adjusted nor calendar adjusted,GY,"Growth rate, over 1 year",1992-07,,3.213243,,A,Normal value,,,,,,,2,Two
DATAFLOW,OECD.SDD.TPS:DSD_PRICES@DF_PRICES_ALL(1.0),"Consumer price indices (CPIs, HICPs), COICOP 1999",I,USA,United States,M,Monthly,N,National,CPI,Consumer price index,PA,Percent per annum,CP045_0722,Energy,N,Neither seasonally adjusted nor calendar adjusted,GY,"Growth rate, over 1 year",1996-01,,0.7677543,,A,Normal value,,,,,,,2,Two
DATAFLOW,OECD.SDD.TPS:DSD_PRICES@DF_PRICES_ALL(1.0),"Consumer price indices (CPIs, HICPs), COICOP 1999",I,USA,United States,M,Monthly,N,National,CPI,Consumer price index,PA,Percent per annum,CP045_0722,Energy,N,Neither seasonally adjusted nor calendar adjusted,GY,"Growth rate, over 1 year",1995-12,,-1.337154,,A,Normal value,,,,,,,2,Two
DATAFLOW,OECD.SDD.TPS:DSD_PRICES@DF_PRICES_ALL(1.0),"Consumer price indices (CPIs, HICPs), COICOP 1999",I,USA,United States,M,Monthly,N,National,CPI,Consumer price index,PA,Percent per annum,CP045_0722,Energy,N,Neither seasonally adjusted nor calendar adjusted,GY,"Growth rate, over 1 year",1995-11,,-2.743614,,A,Normal value,,,,,,,2,Two
DATAFLOW,OECD.SDD.TPS:DSD_PRICES@DF_PRICES_ALL(1.0),"Consumer price indices (CPIs, HICPs), COICOP 1999",I,USA,United States,M,Monthly,N,National,CPI,Consumer price index,PA,Percent per annum,CP045_0722,Energy,N,Neither seasonally adjusted nor calendar adjusted,GY,"Growth rate, over 1 year",1995-10,,-1.228733,,A,Normal value,,,,,,,2,Two
DATAFLOW,OECD.SDD.TPS:DSD_PRICES@DF_PRICES_ALL(1.0),"Consumer price indices (CPIs, HICPs), COICOP 1999",I,USA,United States,M,Monthly,N,National,CPI,Consumer price index,PA,Percent per annum,CP045_0722,Energy,N,Neither seasonally adjusted nor calendar adjusted,GY,"Growth rate, over 1 year",1995-09,,-1.848429,,A,Normal value,,,,,,,2,Two
DATAFLOW,OECD.SDD.TPS:DSD_PRICES@DF_PRICES_ALL(1.0),"Consumer price indices (CPIs, HICPs), COICOP 1999",I,USA,United States,M,Monthly,N,National,CPI,Consumer price index,PA,Percent per annum,CP045_0722,Energy,N,Neither seasonally adjusted nor calendar adjusted,GY,"Growth rate, over 1 year",1995-08,,-1.013825,,A,Normal value,,,,,,,2,Two
DATAFLOW,OECD.SDD.TPS:DSD_PRICES@DF_PRICES_ALL(1.0),"Consumer price indices (CPIs, HICPs), COICOP 1999",I,USA,United States,M,Monthly,N,National,CPI,Consumer price index,PA,Percent per annum,CP045_0722,Energy,N,Neither seasonally adjusted nor calendar adjusted,GY,"Growth rate, over 1 year",1995-07,,1.217228,,A,Normal value,,,,,,,2,Two
DATAFLOW,OECD.SDD.TPS:DSD_PRICES@DF_PRICES_ALL(1.0),"Consumer price indices (CPIs, HICPs), COICOP 1999",I,USA,United States,M,Monthly,N,National,CPI,Consumer price index,PA,Percent per annum,CP045_0722,Energy,N,Neither seasonally adjusted nor calendar adjusted,GY,"Growth rate, over 1 year",1995-06,,3.405866,,A,Normal value,,,,,,,2,Two
DATAFLOW,OECD.SDD.TPS:DSD_PRICES@DF_PRICES_ALL(1.0),"Consumer price indices (CPIs, HICPs), COICOP 1999",I,USA,United States,M,Monthly,N,National,CPI,Consumer price index,PA,Percent per annum,CP045_0722,Energy,N,Neither seasonally adjusted nor calendar adjusted,GY,"Growth rate, over 1 year",1995-05,,3.304179,,A,Normal value,,,,,,,2,Two
DATAFLOW,OECD.SDD.TPS:DSD_PRICES@DF_PRICES_ALL(1.0),"Consumer price indices (CPIs, HICPs), COICOP 1999",I,USA,United States,M,Monthly,N,National,CPI,Consumer price index,PA,Percent per annum,CP045_0722,Energy,N,Neither seasonally adjusted nor calendar adjusted,GY,"Growth rate, over 1 year",1995-04,,1.862745,,A,Normal value,,,,,,,2,Two
DATAFLOW,OECD.SDD.TPS:DSD_PRICES@DF_PRICES_ALL(1.0),"Consumer price indices (CPIs, HICPs), COICOP 1999",I,USA,United States,M,Monthly,N,National,CPI,Consumer price index,PA,Percent per annum,CP045_0722,Energy,N,Neither seasonally adjusted nor calendar adjusted,GY,"Growth rate, over 1 year",1995-03,,1.275761,,A,Normal value,,,,,,,2,Two
DATAFLOW,OECD.SDD.TPS:DSD_PRICES@DF_PRICES_ALL(1.0),"Consumer price indices (CPIs, HICPs), COICOP 1999",I,USA,United States,M,Monthly,N,National,CPI,Consumer price index,PA,Percent per annum,CP045_0722,Energy,N,Neither seasonally adjusted nor calendar adjusted,GY,"Growth rate, over 1 year",1995-02,,1.666667,,A,Normal value,,,,,,,2,Two
DATAFLOW,OECD.SDD.TPS:DSD_PRICES@DF_PRICES_ALL(1.0),"Consumer price indices (CPIs, HICPs), COICOP 1999",I,USA,United States,M,Monthly,N,National,CPI,Consumer price index,PA,Percent per annum,CP045_0722,Energy,N,Neither seasonally adjusted nor calendar adjusted,GY,"Growth rate, over 1 year",1995-01,,2.862784,,A,Normal value,,,,,,,2,Two
DATAFLOW,OECD.SDD.TPS:DSD_PRICES@DF_PRICES_ALL(1.0),"Consumer price indices (CPIs, HICPs), COICOP 1999",I,USA,United States,M,Monthly,N,National,CPI,Consumer price index,PA,Percent per annum,CP045_0722,Energy,N,Neither seasonally adjusted nor calendar adjusted,GY,"Growth rate, over 1 year",1994-12,,2.246094,,A,Normal value,,,,,,,2,Two
DATAFLOW,OECD.SDD.TPS:DSD_PRICES@DF_PRICES_ALL(1.0),"Consumer price indices (CPIs, HICPs), COICOP 1999",I,USA,United States,M,Monthly,N,National,CPI,Consumer price index,PA,Percent per annum,CP045_0722,Energy,N,Neither seasonally adjusted nor calendar adjusted,GY,"Growth rate, over 1 year",1994-11,,1.92864,,A,Normal value,,,,,,,2,Two
DATAFLOW,OECD.SDD.TPS:DSD_PRICES@DF_PRICES_ALL(1.0),"Consumer price indices (CPIs, HICPs), COICOP 1999",I,USA,United States,M,Monthly,N,National,CPI,Consumer price index,PA,Percent per annum,CP045_0722,Energy,N,Neither seasonally adjusted nor calendar adjusted,GY,"Growth rate, over 1 year",1994-10,,0.3795066,,A,Normal value,,,,,,,2,Two
DATAFLOW,OECD.SDD.TPS:DSD_PRICES@DF_PRICES_ALL(1.0),"Consumer price indices (CPIs, HICPs), COICOP 1999",I,USA,United States,M,Monthly,N,National,CPI,Consumer price index,PA,Percent per annum,CP045_0722,Energy,N,Neither seasonally adjusted nor calendar adjusted,GY,"Growth rate, over 1 year",1994-09,,2.851711,,A,Normal value,,,,,,,2,Two
DATAFLOW,OECD.SDD.TPS:DSD_PRICES@DF_PRICES_ALL(1.0),"Consumer price indices (CPIs, HICPs), COICOP 1999",I,USA,United States,M,Monthly,N,National,CPI,Consumer price index,PA,Percent per annum,CP045_0722,Energy,N,Neither seasonally adjusted nor calendar adjusted,GY,"Growth rate, over 1 year",1994-08,,3.136882,,A,Normal value,,,,,,,2,Two
DATAFLOW,OECD.SDD.TPS:DSD_PRICES@DF_PRICES_ALL(1.0),"Consumer price indices (CPIs, HICPs), COICOP 1999",I,USA,United States,M,Monthly,N,National,CPI,Consumer price index,PA,Percent per annum,CP045_0722,Energy,N,Neither seasonally adjusted nor calendar adjusted,GY,"Growth rate, over 1 year",1994-07,,0.9451796,,A,Normal value,,,,,,,2,Two
DATAFLOW,OECD.SDD.TPS:DSD_PRICES@DF_PRICES_ALL(1.0),"Consumer price indices (CPIs, HICPs), COICOP 1999",I,USA,United States,M,Monthly,N,National,CPI,Consumer price index,PA,Percent per annum,CP045_0722,Energy,N,Neither seasonally adjusted nor calendar adjusted,GY,"Growth rate, over 1 year",1994-06,,-0.7511737,,A,Normal value,,,,,,,2,Two
DATAFLOW,OECD.SDD.TPS:DSD_PRICES@DF_PRICES_ALL(1.0),"Consumer price indices (CPIs, HICPs), COICOP 1999",I,USA,United States,M,Monthly,N,National,CPI,Consumer price index,PA,Percent per annum,CP045_0722,Energy,N,Neither seasonally adjusted nor calendar adjusted,GY,"Growth rate, over 1 year",1994-05,,-1.436782,,A,Normal value,,,,,,,2,Two
DATAFLOW,OECD.SDD.TPS:DSD_PRICES@DF_PRICES_ALL(1.0),"Consumer price indices (CPIs, HICPs), COICOP 1999",I,USA,United States,M,Monthly,N,National,CPI,Consumer price index,PA,Percent per annum,CP045_0722,Energy,N,Neither seasonally adjusted nor calendar adjusted,GY,"Growth rate, over 1 year",1994-04,,-1.066925,,A,Normal value,,,,,,,2,Two
DATAFLOW,OECD.SDD.TPS:DSD_PRICES@DF_PRICES_ALL(1.0),"Consumer price indices (CPIs, HICPs), COICOP 1999",I,USA,United States,M,Monthly,N,National,CPI,Consumer price index,PA,Percent per annum,CP045_0722,Energy,N,Neither seasonally adjusted nor calendar adjusted,GY,"Growth rate, over 1 year",1994-03,,-0.5853658,,A,Normal value,,,,,,,2,Two
DATAFLOW,OECD.SDD.TPS:DSD_PRICES@DF_PRICES_ALL(1.0),"Consumer price indices (CPIs, HICPs), COICOP 1999",I,USA,United States,M,Monthly,N,National,CPI,Consumer price index,PA,Percent per annum,CP045_0722,Energy,N,Neither seasonally adjusted nor calendar adjusted,GY,"Growth rate, over 1 year",1994-02,,-0.1956947,,A,Normal value,,,,,,,2,Two
DATAFLOW,OECD.SDD.TPS:DSD_PRICES@DF_PRICES_ALL(1.0),"Consumer price indices (CPIs, HICPs), COICOP 1999",I,USA,United States,M,Monthly,N,National,CPI,Consumer price index,PA,Percent per annum,CP045_0722,Energy,N,Neither seasonally adjusted nor calendar adjusted,GY,"Growth rate, over 1 year",1994-01,,-2.030948,,A,Normal value,,,,,,,2,Two
DATAFLOW,OECD.SDD.TPS:DSD_PRICES@DF_PRICES_ALL(1.0),"Consumer price indices (CPIs, HICPs), COICOP 1999",I,USA,United States,M,Monthly,N,National,CPI,Consumer price index,PA,Percent per annum,CP045_0722,Energy,N,Neither seasonally adjusted nor calendar adjusted,GY,"Growth rate, over 1 year",1993-12,,-1.443696,,A,Normal value,,,,,,,2,Two
DATAFLOW,OECD.SDD.TPS:DSD_PRICES@DF_PRICES_ALL(1.0),"Consumer price indices (CPIs, HICPs), COICOP 1999",I,USA,United States,M,Monthly,N,National,CPI,Consumer price index,PA,Percent per annum,CP045_0722,Energy,N,Neither seasonally adjusted nor calendar adjusted,GY,"Growth rate, over 1 year",1993-11,,-0.7655503,,A,Normal value,,,,,,,2,Two
DATAFLOW,OECD.SDD.TPS:DSD_PRICES@DF_PRICES_ALL(1.0),"Consumer price indices (CPIs, HICPs), COICOP 1999",I,USA,United States,M,Monthly,N,National,CPI,Consumer price index,PA,Percent per annum,CP045_0722,Energy,N,Neither seasonally adjusted nor calendar adjusted,GY,"Growth rate, over 1 year",1993-10,,0.861244,,A,Normal value,,,,,,,2,Two
DATAFLOW,OECD.SDD.TPS:DSD_PRICES@DF_PRICES_ALL(1.0),"Consumer price indices (CPIs, HICPs), COICOP 1999",I,USA,United States,M,Monthly,N,National,CPI,Consumer price index,PA,Percent per annum,CP045_0722,Energy,N,Neither seasonally adjusted nor calendar adjusted,GY,"Growth rate, over 1 year",1993-09,,-0.661001,,A,Normal value,,,,,,,2,Two
DATAFLOW,OECD.SDD.TPS:DSD_PRICES@DF_PRICES_ALL(1.0),"Consumer price indices (CPIs, HICPs), COICOP 1999",I,USA,United States,M,Monthly,N,National,CPI,Consumer price index,PA,Percent per annum,CP045_0722,Energy,N,Neither seasonally adjusted nor calendar adjusted,GY,"Growth rate, over 1 year",2001-02,,13.11054,,A,Normal value,,,,,,,2,Two
DATAFLOW,OECD.SDD.TPS:DSD_PRICES@DF_PRICES_ALL(1.0),"Consumer price indices (CPIs, HICPs), COICOP 1999",I,USA,United States,M,Monthly,N,National,CPI,Consumer price index,PA,Percent per annum,CP045_0722,Energy,N,Neither seasonally adjusted nor calendar adjusted,GY,"Growth rate, over 1 year",2001-01,,17.77778,,A,Normal value,,,,,,,2,Two
DATAFLOW,OECD.SDD.TPS:DSD_PRICES@DF_PRICES_ALL(1.0),"Consumer price indices (CPIs, HICPs), COICOP 1999",I,USA,United States,M,Monthly,N,National,CPI,Consumer price index,PA,Percent per annum,CP045_0722,Energy,N,Neither seasonally adjusted nor calendar adjusted,GY,"Growth rate, over 1 year",2000-12,,14.17112,,A,Normal value,,,,,,,2,Two
DATAFLOW,OECD.SDD.TPS:DSD_PRICES@DF_PRICES_ALL(1.0),"Consumer price indices (CPIs, HICPs), COICOP 1999",I,USA,United States,M,Monthly,N,National,CPI,Consumer price index,PA,Percent per annum,CP045_0722,Energy,N,Neither seasonally adjusted nor calendar adjusted,GY,"Growth rate, over 1 year",2000-11,,16.00719,,A,Normal value,,,,,,,2,Two
DATAFLOW,OECD.SDD.TPS:DSD_PRICES@DF_PRICES_ALL(1.0),"Consumer price indices (CPIs, HICPs), COICOP 1999",I,USA,United States,M,Monthly,N,National,CPI,Consumer price index,PA,Percent per annum,CP045_0722,Energy,N,Neither seasonally adjusted nor calendar adjusted,GY,"Growth rate, over 1 year",2000-10,,15.86022,,A,Normal value,,,,,,,2,Two
DATAFLOW,OECD.SDD.TPS:DSD_PRICES@DF_PRICES_ALL(1.0),"Consumer price indices (CPIs, HICPs), COICOP 1999",I,USA,United States,M,Monthly,N,National,CPI,Consumer price index,PA,Percent per annum,CP045_0722,Energy,N,Neither seasonally adjusted nor calendar adjusted,GY,"Growth rate, over 1 year",2000-09,,15.37103,,A,Normal value,,,,,,,2,Two
DATAFLOW,OECD.SDD.TPS:DSD_PRICES@DF_PRICES_ALL(1.0),"Consumer price indices (CPIs, HICPs), COICOP 1999",I,USA,United States,M,Monthly,N,National,CPI,Consumer price index,PA,Percent per annum,CP045_0722,Energy,N,Neither seasonally adjusted nor calendar adjusted,GY,"Growth rate, over 1 year",2000-08,,13.1177,,A,Normal value,,,,,,,2,Two
DATAFLOW,OECD.SDD.TPS:DSD_PRICES@DF_PRICES_ALL(1.0),"Consumer price indices (CPIs, HICPs), COICOP 1999",I,USA,United States,M,Monthly,N,National,CPI,Consumer price index,PA,Percent per annum,CP045_0722,Energy,N,Neither seasonally adjusted nor calendar adjusted,GY,"Growth rate, over 1 year",2000-07,,19.31923,,A,Normal value,,,,,,,2,Two
DATAFLOW,OECD.SDD.TPS:DSD_PRICES@DF_PRICES_ALL(1.0),"Consumer price indices (CPIs, HICPs), COICOP 1999",I,USA,United States,M,Monthly,N,National,CPI,Consumer price index,PA,Percent per annum,CP045_0722,Energy,N,Neither seasonally adjusted nor calendar adjusted,GY,"Growth rate, over 1 year",2000-06,,21.34831,,A,Normal value,,,,,,,2,Two
DATAFLOW,OECD.SDD.TPS:DSD_PRICES@DF_PRICES_ALL(1.0),"Consumer price indices (CPIs, HICPs), COICOP 1999",I,USA,United States,M,Monthly,N,National,CPI,Consumer price index,PA,Percent per annum,CP045_0722,Energy,N,Neither seasonally adjusted nor calendar adjusted,GY,"Growth rate, over 1 year",2000-05,,14.58333,,A,Normal value,,,,,,,2,Two
DATAFLOW,OECD.SDD.TPS:DSD_PRICES@DF_PRICES_ALL(1.0),"Consumer price indices (CPIs, HICPs), COICOP 1999",I,USA,United States,M,Monthly,N,National,CPI,Consumer price index,PA,Percent per annum,CP045_0722,Energy,N,Neither seasonally adjusted nor calendar adjusted,GY,"Growth rate, over 1 year",2000-04,,14.95238,,A,Normal value,,,,,,,2,Two
DATAFLOW,OECD.SDD.TPS:DSD_PRICES@DF_PRICES_ALL(1.0),"Consumer price indices (CPIs, HICPs), COICOP 1999",I,USA,United States,M,Monthly,N,National,CPI,Consumer price index,PA,Percent per annum,CP045_0722,Energy,N,Neither seasonally adjusted nor calendar adjusted,GY,"Growth rate, over 1 year",2000-03,,24.18699,,A,Normal value,,,,,,,2,Two
DATAFLOW,OECD.SDD.TPS:DSD_PRICES@DF_PRICES_ALL(1.0),"Consumer price indices (CPIs, HICPs), COICOP 1999",I,USA,United States,M,Monthly,N,National,CPI,Consumer price index,PA,Percent per annum,CP045_0722,Energy,N,Neither seasonally adjusted nor calendar adjusted,GY,"Growth rate, over 1 year",2000-02,,19.93834,,A,Normal value,,,,,,,2,Two
DATAFLOW,OECD.SDD.TPS:DSD_PRICES@DF_PRICES_ALL(1.0),"Consumer price indices (CPIs, HICPs), COICOP 1999",I,USA,United States,M,Monthly,N,National,CPI,Consumer price index,PA,Percent per annum,CP045_0722,Energy,N,Neither seasonally adjusted nor calendar adjusted,GY,"Growth rate, over 1 year",2000-01,,14.6789,,A,Normal value,,,,,,,2,Two
DATAFLOW,OECD.SDD.TPS:DSD_PRICES@DF_PRICES_ALL(1.0),"Consumer price indices (CPIs, HICPs), COICOP 1999",I,USA,United States,M,Monthly,N,National,CPI,Consumer price index,PA,Percent per annum,CP045_0722,Energy,N,Neither seasonally adjusted nor calendar adjusted,GY,"Growth rate, over 1 year",1999-12,,13.44793,,A,Normal value,,,,,,,2,Two
DATAFLOW,OECD.SDD.TPS:DSD_PRICES@DF_PRICES_ALL(1.0),"Consumer price indices (CPIs, HICPs), COICOP 1999",I,USA,United States,M,Monthly,N,National,CPI,Consumer price index,PA,Percent per annum,CP045_0722,Energy,N,Neither seasonally adjusted nor calendar adjusted,GY,"Growth rate, over 1 year",1999-11,,10.64677,,A,Normal value,,,,,,,2,Two
DATAFLOW,OECD.SDD.TPS:DSD_PRICES@DF_PRICES_ALL(1.0),"Consumer price indices (CPIs, HICPs), COICOP 1999",I,USA,United States,M,Monthly,N,National,CPI,Consumer price index,PA,Percent per annum,CP045_0722,Energy,N,Neither seasonally adjusted nor calendar adjusted,GY,"Growth rate, over 1 year",1999-10,,10.16782,,A,Normal value,,,,,,,2,Two
DATAFLOW,OECD.SDD.TPS:DSD_PRICES@DF_PRICES_ALL(1.0),"Consumer price indices (CPIs, HICPs), COICOP 1999",I,USA,United States,M,Monthly,N,National,CPI,Consumer price index,PA,Percent per annum,CP045_0722,Energy,N,Neither seasonally adjusted nor calendar adjusted,GY,"Growth rate, over 1 year",1999-09,,10.22395,,A,Normal value,,,,,,,2,Two
DATAFLOW,OECD.SDD.TPS:DSD_PRICES@DF_PRICES_ALL(1.0),"Consumer price indices (CPIs, HICPs), COICOP 1999",I,USA,United States,M,Monthly,N,National,CPI,Consumer price index,PA,Percent per annum,CP045_0722,Energy,N,Neither seasonally adjusted nor calendar adjusted,GY,"Growth rate, over 1 year",1999-08,,7.225433,,A,Normal value,,,,,,,2,Two
DATAFLOW,OECD.SDD.TPS:DSD_PRICES@DF_PRICES_ALL(1.0),"Consumer price indices (CPIs, HICPs), COICOP 1999",I,USA,United States,M,Monthly,N,National,CPI,Consumer price index,PA,Percent per annum,CP045_0722,Energy,N,Neither seasonally adjusted nor calendar adjusted,GY,"Growth rate, over 1 year",1999-07,,3.326996,,A,Normal value,,,,,,,2,Two
DATAFLOW,OECD.SDD.TPS:DSD_PRICES@DF_PRICES_ALL(1.0),"Consumer price indices (CPIs, HICPs), COICOP 1999",I,USA,United States,M,Monthly,N,National,CPI,Consumer price index,PA,Percent per annum,CP045_0722,Energy,N,Neither seasonally adjusted nor calendar adjusted,GY,"Growth rate, over 1 year",1999-06,,1.040681,,A,Normal value,,,,,,,2,Two
DATAFLOW,OECD.SDD.TPS:DSD_PRICES@DF_PRICES_ALL(1.0),"Consumer price indices (CPIs, HICPs), COICOP 1999",I,USA,United States,M,Monthly,N,National,CPI,Consumer price index,PA,Percent per annum,CP045_0722,Energy,N,Neither seasonally adjusted nor calendar adjusted,GY,"Growth rate, over 1 year",1999-05,,1.734104,,A,Normal value,,,,,,,2,Two
DATAFLOW,OECD.SDD.TPS:DSD_PRICES@DF_PRICES_ALL(1.0),"Consumer price indices (CPIs, HICPs), COICOP 1999",I,USA,United States,M,Monthly,N,National,CPI,Consumer price index,PA,Percent per annum,CP045_0722,Energy,N,Neither seasonally adjusted nor calendar adjusted,GY,"Growth rate, over 1 year",1999-04,,3.042198,,A,Normal value,,,,,,,2,Two
DATAFLOW,OECD.SDD.TPS:DSD_PRICES@DF_PRICES_ALL(1.0),"Consumer price indices (CPIs, HICPs), COICOP 1999",I,USA,United States,M,Monthly,N,National,CPI,Consumer price index,PA,Percent per annum,CP045_0722,Energy,N,Neither seasonally adjusted nor calendar adjusted,GY,"Growth rate, over 1 year",1999-03,,-3.149606,,A,Normal value,,,,,,,2,Two
DATAFLOW,OECD.SDD.TPS:DSD_PRICES@DF_PRICES_ALL(1.0),"Consumer price indices (CPIs, HICPs), COICOP 1999",I,USA,United States,M,Monthly,N,National,CPI,Consumer price index,PA,Percent per annum,CP045_0722,Energy,N,Neither seasonally adjusted nor calendar adjusted,GY,"Growth rate, over 1 year",1999-02,,-5.717054,,A,Normal value,,,,,,,2,Two
DATAFLOW,OECD.SDD.TPS:DSD_PRICES@DF_PRICES_ALL(1.0),"Consumer price indices (CPIs, HICPs), COICOP 1999",I,USA,United States,M,Monthly,N,National,CPI,Consumer price index,PA,Percent per annum,CP045_0722,Energy,N,Neither seasonally adjusted nor calendar adjusted,GY,"Growth rate, over 1 year",1999-01,,-7.365439,,A,Normal value,,,,,,,2,Two
DATAFLOW,OECD.SDD.TPS:DSD_PRICES@DF_PRICES_ALL(1.0),"Consumer price indices (CPIs, HICPs), COICOP 1999",I,USA,United States,M,Monthly,N,National,CPI,Consumer price index,PA,Percent per annum,CP045_0722,Energy,N,Neither seasonally adjusted nor calendar adjusted,GY,"Growth rate, over 1 year",1998-12,,-8.763838,,A,Normal value,,,,,,,2,Two
DATAFLOW,OECD.SDD.TPS:DSD_PRICES@DF_PRICES_ALL(1.0),"Consumer price indices (CPIs, HICPs), COICOP 1999",I,USA,United States,M,Monthly,N,National,CPI,Consumer price index,PA,Percent per annum,CP045_0722,Energy,N,Neither seasonally adjusted nor calendar adjusted,GY,"Growth rate, over 1 year",1998-11,,-9.214092,,A,Normal value,,,,,,,2,Two
DATAFLOW,OECD.SDD.TPS:DSD_PRICES@DF_PRICES_ALL(1.0),"Consumer price indices (CPIs, HICPs), COICOP 1999",I,USA,United States,M,Monthly,N,National,CPI,Consumer price index,PA,Percent per annum,CP045_0722,Energy,N,Neither seasonally adjusted nor calendar adjusted,GY,"Growth rate, over 1 year",1998-10,,-9.147982,,A,Normal value,,,,,,,2,Two
DATAFLOW,OECD.SDD.TPS:DSD_PRICES@DF_PRICES_ALL(1.0),"Consumer price indices (CPIs, HICPs), COICOP 1999",I,USA,United States,M,Monthly,N,National,CPI,Consumer price index,PA,Percent per annum,CP045_0722,Energy,N,Neither seasonally adjusted nor calendar adjusted,GY,"Growth rate, over 1 year",1998-09,,-9.833187,,A,Normal value,,,,,,,2,Two
DATAFLOW,OECD.SDD.TPS:DSD_PRICES@DF_PRICES_ALL(1.0),"Consumer price indices (CPIs, HICPs), COICOP 1999",I,USA,United States,M,Monthly,N,National,CPI,Consumer price index,PA,Percent per annum,CP045_0722,Energy,N,Neither seasonally adjusted nor calendar adjusted,GY,"Growth rate, over 1 year",1998-08,,-7.733333,,A,Normal value,,,,,,,2,Two
DATAFLOW,OECD.SDD.TPS:DSD_PRICES@DF_PRICES_ALL(1.0),"Consumer price indices (CPIs, HICPs), COICOP 1999",I,USA,United States,M,Monthly,N,National,CPI,Consumer price index,PA,Percent per annum,CP045_0722,Energy,N,Neither seasonally adjusted nor calendar adjusted,GY,"Growth rate, over 1 year",1998-07,,-5.56553,,A,Normal value,,,,,,,2,Two
DATAFLOW,OECD.SDD.TPS:DSD_PRICES@DF_PRICES_ALL(1.0),"Consumer price indices (CPIs, HICPs), COICOP 1999",I,USA,United States,M,Monthly,N,National,CPI,Consumer price index,PA,Percent per annum,CP045_0722,Energy,N,Neither seasonally adjusted nor calendar adjusted,GY,"Growth rate, over 1 year",1998-06,,-5.877115,,A,Normal value,,,,,,,2,Two
DATAFLOW,OECD.SDD.TPS:DSD_PRICES@DF_PRICES_ALL(1.0),"Consumer price indices (CPIs, HICPs), COICOP 1999",I,USA,United States,M,Monthly,N,National,CPI,Consumer price index,PA,Percent per annum,CP045_0722,Energy,N,Neither seasonally adjusted nor calendar adjusted,GY,"Growth rate, over 1 year",1998-05,,-5.5505,,A,Normal value,,,,,,,2,Two
DATAFLOW,OECD.SDD.TPS:DSD_PRICES@DF_PRICES_ALL(1.0),"Consumer price indices (CPIs, HICPs), COICOP 1999",I,USA,United States,M,Monthly,N,National,CPI,Consumer price index,PA,Percent per annum,CP045_0722,Energy,N,Neither seasonally adjusted nor calendar adjusted,GY,"Growth rate, over 1 year",1998-04,,-7.363636,,A,Normal value,,,,,,,2,Two
DATAFLOW,OECD.SDD.TPS:DSD_PRICES@DF_PRICES_ALL(1.0),"Consumer price indices (CPIs, HICPs), COICOP 1999",I,USA,United States,M,Monthly,N,National,CPI,Consumer price index,PA,Percent per annum,CP045_0722,Energy,N,Neither seasonally adjusted nor calendar adjusted,GY,"Growth rate, over 1 year",1998-03,,-8.633094,,A,Normal value,,,,,,,2,Two
DATAFLOW,OECD.SDD.TPS:DSD_PRICES@DF_PRICES_ALL(1.0),"Consumer price indices (CPIs, HICPs), COICOP 1999",I,USA,United States,M,Monthly,N,National,CPI,Consumer price index,PA,Percent per annum,CP045_0722,Energy,N,Neither seasonally adjusted nor calendar adjusted,GY,"Growth rate, over 1 year",1998-02,,-8.753316,,A,Normal value,,,,,,,2,Two
DATAFLOW,OECD.SDD.TPS:DSD_PRICES@DF_PRICES_ALL(1.0),"Consumer price indices (CPIs, HICPs), COICOP 1999",I,USA,United States,M,Monthly,N,National,CPI,Consumer price index,PA,Percent per annum,CP045_0722,Energy,N,Neither seasonally adjusted nor calendar adjusted,GY,"Growth rate, over 1 year",1998-01,,-6.531333,,A,Normal value,,,,,,,2,Two
DATAFLOW,OECD.SDD.TPS:DSD_PRICES@DF_PRICES_ALL(1.0),"Consumer price indices (CPIs, HICPs), COICOP 1999",I,USA,United States,M,Monthly,N,National,CPI,Consumer price index,PA,Percent per annum,CP045_0722,Energy,N,Neither seasonally adjusted nor calendar adjusted,GY,"Growth rate, over 1 year",1997-12,,-3.386809,,A,Normal value,,,,,,,2,Two
DATAFLOW,OECD.SDD.TPS:DSD_PRICES@DF_PRICES_ALL(1.0),"Consumer price indices (CPIs, HICPs), COICOP 1999",I,USA,United States,M,Monthly,N,National,CPI,Consumer price index,PA,Percent per annum,CP045_0722,Energy,N,Neither seasonally adjusted nor calendar adjusted,GY,"Growth rate, over 1 year",1997-11,,-0.360036,,A,Normal value,,,,,,,2,Two
DATAFLOW,OECD.SDD.TPS:DSD_PRICES@DF_PRICES_ALL(1.0),"Consumer price indices (CPIs, HICPs), COICOP 1999",I,USA,United States,M,Monthly,N,National,CPI,Consumer price index,PA,Percent per annum,CP045_0722,Energy,N,Neither seasonally adjusted nor calendar adjusted,GY,"Growth rate, over 1 year",1997-10,,0.9049774,,A,Normal value,,,,,,,2,Two
DATAFLOW,OECD.SDD.TPS:DSD_PRICES@DF_PRICES_ALL(1.0),"Consumer price indices (CPIs, HICPs), COICOP 1999",I,USA,United States,M,Monthly,N,National,CPI,Consumer price index,PA,Percent per annum,CP045_0722,Energy,N,Neither seasonally adjusted nor calendar adjusted,GY,"Growth rate, over 1 year",1997-09,,1.969561,,A,Normal value,,,,,,,2,Two
DATAFLOW,OECD.SDD.TPS:DSD_PRICES@DF_PRICES_ALL(1.0),"Consumer price indices (CPIs, HICPs), COICOP 1999",I,USA,United States,M,Monthly,N,National,CPI,Consumer price index,PA,Percent per annum,CP045_0722,Energy,N,Neither seasonally adjusted nor calendar adjusted,GY,"Growth rate, over 1 year",1997-08,,0.8064516,,A,Normal value,,,,,,,2,Two
DATAFLOW,OECD.SDD.TPS:DSD_PRICES@DF_PRICES_ALL(1.0),"Consumer price indices (CPIs, HICPs), COICOP 1999",I,USA,United States,M,Monthly,N,National,CPI,Consumer price index,PA,Percent per annum,CP045_0722,Energy,N,Neither seasonally adjusted nor calendar adjusted,GY,"Growth rate, over 1 year",1997-07,,-0.9777778,,A,Normal value,,,,,,,2,Two
DATAFLOW,OECD.SDD.TPS:DSD_PRICES@DF_PRICES_ALL(1.0),"Consumer price indices (CPIs, HICPs), COICOP 1999",I,USA,United States,M,Monthly,N,National,CPI,Consumer price index,PA,Percent per annum,CP045_0722,Energy,N,Neither seasonally adjusted nor calendar adjusted,GY,"Growth rate, over 1 year",1997-06,,-0.7073386,,A,Normal value,,,,,,,2,Two
DATAFLOW,OECD.SDD.TPS:DSD_PRICES@DF_PRICES_ALL(1.0),"Consumer price indices (CPIs, HICPs), COICOP 1999",I,USA,United States,M,Monthly,N,National,CPI,Consumer price index,PA,Percent per annum,CP045_0722,Energy,N,Neither seasonally adjusted nor calendar adjusted,GY,"Growth rate, over 1 year",1997-05,,-2.657219,,A,Normal value,,,,,,,2,Two
DATAFLOW,OECD.SDD.TPS:DSD_PRICES@DF_PRICES_ALL(1.0),"Consumer price indices (CPIs, HICPs), COICOP 1999",I,USA,United States,M,Monthly,N,National,CPI,Consumer price index,PA,Percent per annum,CP045_0722,Energy,N,Neither seasonally adjusted nor calendar adjusted,GY,"Growth rate, over 1 year",1997-04,,0,,A,Normal value,,,,,,,2,Two
DATAFLOW,OECD.SDD.TPS:DSD_PRICES@DF_PRICES_ALL(1.0),"Consumer price indices (CPIs, HICPs), COICOP 1999",I,USA,United States,M,Monthly,N,National,CPI,Consumer price index,PA,Percent per annum,CP045_0722,Energy,N,Neither seasonally adjusted nor calendar adjusted,GY,"Growth rate, over 1 year",1997-03,,4.806786,,A,Normal value,,,,,,,2,Two
DATAFLOW,OECD.SDD.TPS:DSD_PRICES@DF_PRICES_ALL(1.0),"Consumer price indices (CPIs, HICPs), COICOP 1999",I,USA,United States,M,Monthly,N,National,CPI,Consumer price index,PA,Percent per annum,CP045_0722,Energy,N,Neither seasonally adjusted nor calendar adjusted,GY,"Growth rate, over 1 year",1997-02,,7.816968,,A,Normal value,,,,,,,2,Two
DATAFLOW,OECD.SDD.TPS:DSD_PRICES@DF_PRICES_ALL(1.0),"Consumer price indices (CPIs, HICPs), COICOP 1999",I,USA,United States,M,Monthly,N,National,CPI,Consumer price index,PA,Percent per annum,CP045_0722,Energy,N,Neither seasonally adjusted nor calendar adjusted,GY,"Growth rate, over 1 year",1997-01,,7.904762,,A,Normal value,,,,,,,2,Two
DATAFLOW,OECD.SDD.TPS:DSD_PRICES@DF_PRICES_ALL(1.0),"Consumer price indices (CPIs, HICPs), COICOP 1999",I,USA,United States,M,Monthly,N,National,CPI,Consumer price index,PA,Percent per annum,CP045_0722,Energy,N,Neither seasonally adjusted nor calendar adjusted,GY,"Growth rate, over 1 year",1996-12,,8.615683,,A,Normal value,,,,,,,2,Two
DATAFLOW,OECD.SDD.TPS:DSD_PRICES@DF_PRICES_ALL(1.0),"Consumer price indices (CPIs, HICPs), COICOP 1999",I,USA,United States,M,Monthly,N,National,CPI,Consumer price index,PA,Percent per annum,CP045_0722,Energy,N,Neither seasonally adjusted nor calendar adjusted,GY,"Growth rate, over 1 year",1996-11,,8.07393,,A,Normal value,,,,,,,2,Two
DATAFLOW,OECD.SDD.TPS:DSD_PRICES@DF_PRICES_ALL(1.0),"Consumer price indices (CPIs, HICPs), COICOP 1999",I,USA,United States,M,Monthly,N,National,CPI,Consumer price index,PA,Percent per annum,CP045_0722,Energy,N,Neither seasonally adjusted nor calendar adjusted,GY,"Growth rate, over 1 year",1996-10,,5.741627,,A,Normal value,,,,,,,2,Two
DATAFLOW,OECD.SDD.TPS:DSD_PRICES@DF_PRICES_ALL(1.0),"Consumer price indices (CPIs, HICPs), COICOP 1999",I,USA,United States,M,Monthly,N,National,CPI,Consumer price index,PA,Percent per annum,CP045_0722,Energy,N,Neither seasonally adjusted nor calendar adjusted,GY,"Growth rate, over 1 year",1996-09,,5.178908,,A,Normal value,,,,,,,2,Two
DATAFLOW,OECD.SDD.TPS:DSD_PRICES@DF_PRICES_ALL(1.0),"Consumer price indices (CPIs, HICPs), COICOP 1999",I,USA,United States,M,Monthly,N,National,CPI,Consumer price index,PA,Percent per annum,CP045_0722,Energy,N,Neither seasonally adjusted nor calendar adjusted,GY,"Growth rate, over 1 year",1996-08,,3.910614,,A,Normal value,,,,,,,2,Two
DATAFLOW,OECD.SDD.TPS:DSD_PRICES@DF_PRICES_ALL(1.0),"Consumer price indices (CPIs, HICPs), COICOP 1999",I,USA,United States,M,Monthly,N,National,CPI,Consumer price index,PA,Percent per annum,CP045_0722,Energy,N,Neither seasonally adjusted nor calendar adjusted,GY,"Growth rate, over 1 year",1996-07,,4.070305,,A,Normal value,,,,,,,2,Two
DATAFLOW,OECD.SDD.TPS:DSD_PRICES@DF_PRICES_ALL(1.0),"Consumer price indices (CPIs, HICPs), COICOP 1999",I,USA,United States,M,Monthly,N,National,CPI,Consumer price index,PA,Percent per annum,CP045_0722,Energy,N,Neither seasonally adjusted nor calendar adjusted,GY,"Growth rate, over 1 year",1996-06,,3.47667,,A,Normal value,,,,,,,2,Two
DATAFLOW,OECD.SDD.TPS:DSD_PRICES@DF_PRICES_ALL(1.0),"Consumer price indices (CPIs, HICPs), COICOP 1999",I,USA,United States,M,Monthly,N,National,CPI,Consumer price index,PA,Percent per annum,CP045_0722,Energy,N,Neither seasonally adjusted nor calendar adjusted,GY,"Growth rate, over 1 year",1996-05,,6.208843,,A,Normal value,,,,,,,2,Two
DATAFLOW,OECD.SDD.TPS:DSD_PRICES@DF_PRICES_ALL(1.0),"Consumer price indices (CPIs, HICPs), COICOP 1999",I,USA,United States,M,Monthly,N,National,CPI,Consumer price index,PA,Percent per annum,CP045_0722,Energy,N,Neither seasonally adjusted nor calendar adjusted,GY,"Growth rate, over 1 year",1996-04,,5.87103,,A,Normal value,,,,,,,2,Two
DATAFLOW,OECD.SDD.TPS:DSD_PRICES@DF_PRICES_ALL(1.0),"Consumer price indices (CPIs, HICPs), COICOP 1999",I,USA,United States,M,Monthly,N,National,CPI,Consumer price index,PA,Percent per annum,CP045_0722,Energy,N,Neither seasonally adjusted nor calendar adjusted,GY,"Growth rate, over 1 year",1996-03,,2.810077,,A,Normal value,,,,,,,2,Two
DATAFLOW,OECD.SDD.TPS:DSD_PRICES@DF_PRICES_ALL(1.0),"Consumer price indices (CPIs, HICPs), COICOP 1999",I,USA,United States,M,Monthly,N,National,CPI,Consumer price index,PA,Percent per annum,CP045_0722,Energy,N,Neither seasonally adjusted nor calendar adjusted,GY,"Growth rate, over 1 year",1996-02,,1.157184,,A,Normal value,,,,,,,2,Two
DATAFLOW,OECD.SDD.TPS:DSD_PRICES@DF_PRICES_ALL(1.0),"Consumer price indices (CPIs, HICPs), COICOP 1999",I,USA,United States,M,Monthly,N,National,CPI,Consumer price index,PA,Percent per annum,CP045_0722,Energy,N,Neither seasonally adjusted nor calendar adjusted,GY,"Growth rate, over 1 year",2011-07,,18.97096,,A,Normal value,,,,,,,2,Two
DATAFLOW,OECD.SDD.TPS:DSD_PRICES@DF_PRICES_ALL(1.0),"Consumer price indices (CPIs, HICPs), COICOP 1999",I,USA,United States,M,Monthly,N,National,CPI,Consumer price index,PA,Percent per annum,CP045_0722,Energy,N,Neither seasonally adjusted nor calendar adjusted,GY,"Growth rate, over 1 year",2011-06,,20.0841,,A,Normal value,,,,,,,2,Two
DATAFLOW,OECD.SDD.TPS:DSD_PRICES@DF_PRICES_ALL(1.0),"Consumer price indices (CPIs, HICPs), COICOP 1999",I,USA,United States,M,Monthly,N,National,CPI,Consumer price index,PA,Percent per annum,CP045_0722,Energy,N,Neither seasonally adjusted nor calendar adjusted,GY,"Growth rate, over 1 year",2011-05,,21.46499,,A,Normal value,,,,,,,2,Two
DATAFLOW,OECD.SDD.TPS:DSD_PRICES@DF_PRICES_ALL(1.0),"Consumer price indices (CPIs, HICPs), COICOP 1999",I,USA,United States,M,Monthly,N,National,CPI,Consumer price index,PA,Percent per annum,CP045_0722,Energy,N,Neither seasonally adjusted nor calendar adjusted,GY,"Growth rate, over 1 year",2011-04,,19.02459,,A,Normal value,,,,,,,2,Two
DATAFLOW,OECD.SDD.TPS:DSD_PRICES@DF_PRICES_ALL(1.0),"Consumer price indices (CPIs, HICPs), COICOP 1999",I,USA,United States,M,Monthly,N,National,CPI,Consumer price index,PA,Percent per annum,CP045_0722,Energy,N,Neither seasonally adjusted nor calendar adjusted,GY,"Growth rate, over 1 year",2011-03,,15.48436,,A,Normal value,,,,,,,2,Two
DATAFLOW,OECD.SDD.TPS:DSD_PRICES@DF_PRICES_ALL(1.0),"Consumer price indices (CPIs, HICPs), COICOP 1999",I,USA,United States,M,Monthly,N,National,CPI,Consumer price index,PA,Percent per annum,CP045_0722,Energy,N,Neither seasonally adjusted nor calendar adjusted,GY,"Growth rate, over 1 year",2011-02,,10.9584,,A,Normal value,,,,,,,2,Two
DATAFLOW,OECD.SDD.TPS:DSD_PRICES@DF_PRICES_ALL(1.0),"Consumer price indices (CPIs, HICPs), COICOP 1999",I,USA,United States,M,Monthly,N,National,CPI,Consumer price index,PA,Percent per annum,CP045_0722,Energy,N,Neither seasonally adjusted nor calendar adjusted,GY,"Growth rate, over 1 year",2011-01,,7.326007,,A,Normal value,,,,,,,2,Two
DATAFLOW,OECD.SDD.TPS:DSD_PRICES@DF_PRICES_ALL(1.0),"Consumer price indices (CPIs, HICPs), COICOP 1999",I,USA,United States,M,Monthly,N,National,CPI,Consumer price index,PA,Percent per annum,CP045_0722,Energy,N,Neither seasonally adjusted nor calendar adjusted,GY,"Growth rate, over 1 year",2010-12,,7.736986,,A,Normal value,,,,,,,2,Two
DATAFLOW,OECD.SDD.TPS:DSD_PRICES@DF_PRICES_ALL(1.0),"Consumer price indices (CPIs, HICPs), COICOP 1999",I,USA,United States,M,Monthly,N,National,CPI,Consumer price index,PA,Percent per annum,CP045_0722,Energy,N,Neither seasonally adjusted nor calendar adjusted,GY,"Growth rate, over 1 year",2010-11,,3.893621,,A,Normal value,,,,,,,2,Two
DATAFLOW,OECD.SDD.TPS:DSD_PRICES@DF_PRICES_ALL(1.0),"Consumer price indices (CPIs, HICPs), COICOP 1999",I,USA,United States,M,Monthly,N,National,CPI,Consumer price index,PA,Percent per annum,CP045_0722,Energy,N,Neither seasonally adjusted nor calendar adjusted,GY,"Growth rate, over 1 year",2010-10,,5.898151,,A,Normal value,,,,,,,2,Two
DATAFLOW,OECD.SDD.TPS:DSD_PRICES@DF_PRICES_ALL(1.0),"Consumer price indices (CPIs, HICPs), COICOP 1999",I,USA,United States,M,Monthly,N,National,CPI,Consumer price index,PA,Percent per annum,CP045_0722,Energy,N,Neither seasonally adjusted nor calendar adjusted,GY,"Growth rate, over 1 year",2010-09,,3.836968,,A,Normal value,,,,,,,2,Two
DATAFLOW,OECD.SDD.TPS:DSD_PRICES@DF_PRICES_ALL(1.0),"Consumer price indices (CPIs, HICPs), COICOP 1999",I,USA,United States,M,Monthly,N,National,CPI,Consumer price index,PA,Percent per annum,CP045_0722,Energy,N,Neither seasonally adjusted nor calendar adjusted,GY,"Growth rate, over 1 year",2010-08,,3.752726,,A,Normal value,,,,,,,2,Two
DATAFLOW,OECD.SDD.TPS:DSD_PRICES@DF_PRICES_ALL(1.0),"Consumer price indices (CPIs, HICPs), COICOP 1999",I,USA,United States,M,Monthly,N,National,CPI,Consumer price index,PA,Percent per annum,CP045_0722,Energy,N,Neither seasonally adjusted nor calendar adjusted,GY,"Growth rate, over 1 year",2010-07,,5.166933,,A,Normal value,,,,,,,2,Two
DATAFLOW,OECD.SDD.TPS:DSD_PRICES@DF_PRICES_ALL(1.0),"Consumer price indices (CPIs, HICPs), COICOP 1999",I,USA,United States,M,Monthly,N,National,CPI,Consumer price index,PA,Percent per annum,CP045_0722,Energy,N,Neither seasonally adjusted nor calendar adjusted,GY,"Growth rate, over 1 year",2010-06,,3.043698,,A,Normal value,,,,,,,2,Two
DATAFLOW,OECD.SDD.TPS:DSD_PRICES@DF_PRICES_ALL(1.0),"Consumer price indices (CPIs, HICPs), COICOP 1999",I,USA,United States,M,Monthly,N,National,CPI,Consumer price index,PA,Percent per annum,CP045_0722,Energy,N,Neither seasonally adjusted nor calendar adjusted,GY,"Growth rate, over 1 year",2010-05,,14.68843,,A,Normal value,,,,,,,2,Two
DATAFLOW,OECD.SDD.TPS:DSD_PRICES@DF_PRICES_ALL(1.0),"Consumer price indices (CPIs, HICPs), COICOP 1999",I,USA,United States,M,Monthly,N,National,CPI,Consumer price index,PA,Percent per annum,CP045_0722,Energy,N,Neither seasonally adjusted nor calendar adjusted,GY,"Growth rate, over 1 year",2010-04,,18.51545,,A,Normal value,,,,,,,2,Two
DATAFLOW,OECD.SDD.TPS:DSD_PRICES@DF_PRICES_ALL(1.0),"Consumer price indices (CPIs, HICPs), COICOP 1999",I,USA,United States,M,Monthly,N,National,CPI,Consumer price index,PA,Percent per annum,CP045_0722,Energy,N,Neither seasonally adjusted nor calendar adjusted,GY,"Growth rate, over 1 year",2010-03,,18.33996,,A,Normal value,,,,,,,2,Two
DATAFLOW,OECD.SDD.TPS:DSD_PRICES@DF_PRICES_ALL(1.0),"Consumer price indices (CPIs, HICPs), COICOP 1999",I,USA,United States,M,Monthly,N,National,CPI,Consumer price index,PA,Percent per annum,CP045_0722,Energy,N,Neither seasonally adjusted nor calendar adjusted,GY,"Growth rate, over 1 year",2010-02,,14.38618,,A,Normal value,,,,,,,2,Two
DATAFLOW,OECD.SDD.TPS:DSD_PRICES@DF_PRICES_ALL(1.0),"Consumer price indices (CPIs, HICPs), COICOP 1999",I,USA,United States,M,Monthly,N,National,CPI,Consumer price index,PA,Percent per annum,CP045_0722,Energy,N,Neither seasonally adjusted nor calendar adjusted,GY,"Growth rate, over 1 year",2010-01,,19.12932,,A,Normal value,,,,,,,2,Two
DATAFLOW,OECD.SDD.TPS:DSD_PRICES@DF_PRICES_ALL(1.0),"Consumer price indices (CPIs, HICPs), COICOP 1999",I,USA,United States,M,Monthly,N,National,CPI,Consumer price index,PA,Percent per annum,CP045_0722,Energy,N,Neither seasonally adjusted nor calendar adjusted,GY,"Growth rate, over 1 year",2009-12,,18.19547,,A,Normal value,,,,,,,2,Two
DATAFLOW,OECD.SDD.TPS:DSD_PRICES@DF_PRICES_ALL(1.0),"Consumer price indices (CPIs, HICPs), COICOP 1999",I,USA,United States,M,Monthly,N,National,CPI,Consumer price index,PA,Percent per annum,CP045_0722,Energy,N,Neither seasonally adjusted nor calendar adjusted,GY,"Growth rate, over 1 year",2009-11,,7.417157,,A,Normal value,,,,,,,2,Two
DATAFLOW,OECD.SDD.TPS:DSD_PRICES@DF_PRICES_ALL(1.0),"Consumer price indices (CPIs, HICPs), COICOP 1999",I,USA,United States,M,Monthly,N,National,CPI,Consumer price index,PA,Percent per annum,CP045_0722,Energy,N,Neither seasonally adjusted nor calendar adjusted,GY,"Growth rate, over 1 year",2009-10,,-13.97602,,A,Normal value,,,,,,,2,Two
DATAFLOW,OECD.SDD.TPS:DSD_PRICES@DF_PRICES_ALL(1.0),"Consumer price indices (CPIs, HICPs), COICOP 1999",I,USA,United States,M,Monthly,N,National,CPI,Consumer price index,PA,Percent per annum,CP045_0722,Energy,N,Neither seasonally adjusted nor calendar adjusted,GY,"Growth rate, over 1 year",2009-09,,-21.61732,,A,Normal value,,,,,,,2,Two
DATAFLOW,OECD.SDD.TPS:DSD_PRICES@DF_PRICES_ALL(1.0),"Consumer price indices (CPIs, HICPs), COICOP 1999",I,USA,United States,M,Monthly,N,National,CPI,Consumer price index,PA,Percent per annum,CP045_0722,Energy,N,Neither seasonally adjusted nor calendar adjusted,GY,"Growth rate, over 1 year",2009-08,,-23.02513,,A,Normal value,,,,,,,2,Two
DATAFLOW,OECD.SDD.TPS:DSD_PRICES@DF_PRICES_ALL(1.0),"Consumer price indices (CPIs, HICPs), COICOP 1999",I,USA,United States,M,Monthly,N,National,CPI,Consumer price index,PA,Percent per annum,CP045_0722,Energy,N,Neither seasonally adjusted nor calendar adjusted,GY,"Growth rate, over 1 year",2009-07,,-28.09321,,A,Normal value,,,,,,,2,Two
DATAFLOW,OECD.SDD.TPS:DSD_PRICES@DF_PRICES_ALL(1.0),"Consumer price indices (CPIs, HICPs), COICOP 1999",I,USA,United States,M,Monthly,N,National,CPI,Consumer price index,PA,Percent per annum,CP045_0722,Energy,N,Neither seasonally adjusted nor calendar adjusted,GY,"Growth rate, over 1 year",2009-06,,-25.47447,,A,Normal value,,,,,,,2,Two
DATAFLOW,OECD.SDD.TPS:DSD_PRICES@DF_PRICES_ALL(1.0),"Consumer price indices (CPIs, HICPs), COICOP 1999",I,USA,United States,M,Monthly,N,National,CPI,Consumer price index,PA,Percent per annum,CP045_0722,Energy,N,Neither seasonally adjusted nor calendar adjusted,GY,"Growth rate, over 1 year",2009-05,,-27.30275,,A,Normal value,,,,,,,2,Two
DATAFLOW,OECD.SDD.TPS:DSD_PRICES@DF_PRICES_ALL(1.0),"Consumer price indices (CPIs, HICPs), COICOP 1999",I,USA,United States,M,Monthly,N,National,CPI,Consumer price index,PA,Percent per annum,CP045_0722,Energy,N,Neither seasonally adjusted nor calendar adjusted,GY,"Growth rate, over 1 year",2009-04,,-25.18381,,A,Normal value,,,,,,,2,Two
DATAFLOW,OECD.SDD.TPS:DSD_PRICES@DF_PRICES_ALL(1.0),"Consumer price indices (CPIs, HICPs), COICOP 1999",I,USA,United States,M,Monthly,N,National,CPI,Consumer price index,PA,Percent per annum,CP045_0722,Energy,N,Neither seasonally adjusted nor calendar adjusted,GY,"Growth rate, over 1 year",2009-03,,-23.01512,,A,Normal value,,,,,,,2,Two
DATAFLOW,OECD.SDD.TPS:DSD_PRICES@DF_PRICES_ALL(1.0),"Consumer price indices (CPIs, HICPs), COICOP 1999",I,USA,United States,M,Monthly,N,National,CPI,Consumer price index,PA,Percent per annum,CP045_0722,Energy,N,Neither seasonally adjusted nor calendar adjusted,GY,"Growth rate, over 1 year",2009-02,,-18.49884,,A,Normal value,,,,,,,2,Two
DATAFLOW,OECD.SDD.TPS:DSD_PRICES@DF_PRICES_ALL(1.0),"Consumer price indices (CPIs, HICPs), COICOP 1999",I,USA,United States,M,Monthly,N,National,CPI,Consumer price index,PA,Percent per annum,CP045_0722,Energy,N,Neither seasonally adjusted nor calendar adjusted,GY,"Growth rate, over 1 year",2009-01,,-20.43287,,A,Normal value,,,,,,,2,Two
DATAFLOW,OECD.SDD.TPS:DSD_PRICES@DF_PRICES_ALL(1.0),"Consumer price indices (CPIs, HICPs), COICOP 1999",I,USA,United States,M,Monthly,N,National,CPI,Consumer price index,PA,Percent per annum,CP045_0722,Energy,N,Neither seasonally adjusted nor calendar adjusted,GY,"Growth rate, over 1 year",2008-12,,-21.30884,,A,Normal value,,,,,,,2,Two
DATAFLOW,OECD.SDD.TPS:DSD_PRICES@DF_PRICES_ALL(1.0),"Consumer price indices (CPIs, HICPs), COICOP 1999",I,USA,United States,M,Monthly,N,National,CPI,Consumer price index,PA,Percent per annum,CP045_0722,Energy,N,Neither seasonally adjusted nor calendar adjusted,GY,"Growth rate, over 1 year",2008-11,,-13.27388,,A,Normal value,,,,,,,2,Two
DATAFLOW,OECD.SDD.TPS:DSD_PRICES@DF_PRICES_ALL(1.0),"Consumer price indices (CPIs, HICPs), COICOP 1999",I,USA,United States,M,Monthly,N,National,CPI,Consumer price index,PA,Percent per annum,CP045_0722,Energy,N,Neither seasonally adjusted nor calendar adjusted,GY,"Growth rate, over 1 year",2008-10,,11.54836,,A,Normal value,,,,,,,2,Two
DATAFLOW,OECD.SDD.TPS:DSD_PRICES@DF_PRICES_ALL(1.0),"Consumer price indices (CPIs, HICPs), COICOP 1999",I,USA,United States,M,Monthly,N,National,CPI,Consumer price index,PA,Percent per annum,CP045_0722,Energy,N,Neither seasonally adjusted nor calendar adjusted,GY,"Growth rate, over 1 year",2008-09,,23.07942,,A,Normal value,,,,,,,2,Two
DATAFLOW,OECD.SDD.TPS:DSD_PRICES@DF_PRICES_ALL(1.0),"Consumer price indices (CPIs, HICPs), COICOP 1999",I,USA,United States,M,Monthly,N,National,CPI,Consumer price index,PA,Percent per annum,CP045_0722,Energy,N,Neither seasonally adjusted nor calendar adjusted,GY,"Growth rate, over 1 year",2008-08,,27.22916,,A,Normal value,,,,,,,2,Two
DATAFLOW,OECD.SDD.TPS:DSD_PRICES@DF_PRICES_ALL(1.0),"Consumer price indices (CPIs, HICPs), COICOP 1999",I,USA,United States,M,Monthly,N,National,CPI,Consumer price index,PA,Percent per annum,CP045_0722,Energy,N,Neither seasonally adjusted nor calendar adjusted,GY,"Growth rate, over 1 year",2008-07,,29.25292,,A,Normal value,,,,,,,2,Two
DATAFLOW,OECD.SDD.TPS:DSD_PRICES@DF_PRICES_ALL(1.0),"Consumer price indices (CPIs, HICPs), COICOP 1999",I,USA,United States,M,Monthly,N,National,CPI,Consumer price index,PA,Percent per annum,CP045_0722,Energy,N,Neither seasonally adjusted nor calendar adjusted,GY,"Growth rate, over 1 year",2008-06,,24.66574,,A,Normal value,,,,,,,2,Two
DATAFLOW,OECD.SDD.TPS:DSD_PRICES@DF_PRICES_ALL(1.0),"Consumer price indices (CPIs, HICPs), COICOP 1999",I,USA,United States,M,Monthly,N,National,CPI,Consumer price index,PA,Percent per annum,CP045_0722,Energy,N,Neither seasonally adjusted nor calendar adjusted,GY,"Growth rate, over 1 year",2008-05,,17.36195,,A,Normal value,,,,,,,2,Two
DATAFLOW,OECD.SDD.TPS:DSD_PRICES@DF_PRICES_ALL(1.0),"Consumer price indices (CPIs, HICPs), COICOP 1999",I,USA,United States,M,Monthly,N,National,CPI,Consumer price index,PA,Percent per annum,CP045_0722,Energy,N,Neither seasonally adjusted nor calendar adjusted,GY,"Growth rate, over 1 year",2008-04,,15.88739,,A,Normal value,,,,,,,2,Two
DATAFLOW,OECD.SDD.TPS:DSD_PRICES@DF_PRICES_ALL(1.0),"Consumer price indices (CPIs, HICPs), COICOP 1999",I,USA,United States,M,Monthly,N,National,CPI,Consumer price index,PA,Percent per annum,CP045_0722,Energy,N,Neither seasonally adjusted nor calendar adjusted,GY,"Growth rate, over 1 year",2008-03,,17.0498,,A,Normal value,,,,,,,2,Two
DATAFLOW,OECD.SDD.TPS:DSD_PRICES@DF_PRICES_ALL(1.0),"Consumer price indices (CPIs, HICPs), COICOP 1999",I,USA,United States,M,Monthly,N,National,CPI,Consumer price index,PA,Percent per annum,CP045_0722,Energy,N,Neither seasonally adjusted nor calendar adjusted,GY,"Growth rate, over 1 year",2008-02,,18.89933,,A,Normal value,,,,,,,2,Two
DATAFLOW,OECD.SDD.TPS:DSD_PRICES@DF_PRICES_ALL(1.0),"Consumer price indices (CPIs, HICPs), COICOP 1999",I,USA,United States,M,Monthly,N,National,CPI,Consumer price index,PA,Percent per annum,CP045_0722,Energy,N,Neither seasonally adjusted nor calendar adjusted,GY,"Growth rate, over 1 year",2008-01,,19.5558,,A,Normal value,,,,,,,2,Two
DATAFLOW,OECD.SDD.TPS:DSD_PRICES@DF_PRICES_ALL(1.0),"Consumer price indices (CPIs, HICPs), COICOP 1999",I,USA,United States,M,Monthly,N,National,CPI,Consumer price index,PA,Percent per annum,CP045_0722,Energy,N,Neither seasonally adjusted nor calendar adjusted,GY,"Growth rate, over 1 year",2007-12,,17.44384,,A,Normal value,,,,,,,2,Two
DATAFLOW,OECD.SDD.TPS:DSD_PRICES@DF_PRICES_ALL(1.0),"Consumer price indices (CPIs, HICPs), COICOP 1999",I,USA,United States,M,Monthly,N,National,CPI,Consumer price index,PA,Percent per annum,CP045_0722,Energy,N,Neither seasonally adjusted nor calendar adjusted,GY,"Growth rate, over 1 year",2007-11,,21.40188,,A,Normal value,,,,,,,2,Two
DATAFLOW,OECD.SDD.TPS:DSD_PRICES@DF_PRICES_ALL(1.0),"Consumer price indices (CPIs, HICPs), COICOP 1999",I,USA,United States,M,Monthly,N,National,CPI,Consumer price index,PA,Percent per annum,CP045_0722,Energy,N,Neither seasonally adjusted nor calendar adjusted,GY,"Growth rate, over 1 year",2007-10,,14.49972,,A,Normal value,,,,,,,2,Two
DATAFLOW,OECD.SDD.TPS:DSD_PRICES@DF_PRICES_ALL(1.0),"Consumer price indices (CPIs, HICPs), COICOP 1999",I,USA,United States,M,Monthly,N,National,CPI,Consumer price index,PA,Percent per annum,CP045_0722,Energy,N,Neither seasonally adjusted nor calendar adjusted,GY,"Growth rate, over 1 year",2007-09,,5.292315,,A,Normal value,,,,,,,2,Two
DATAFLOW,OECD.SDD.TPS:DSD_PRICES@DF_PRICES_ALL(1.0),"Consumer price indices (CPIs, HICPs), COICOP 1999",I,USA,United States,M,Monthly,N,National,CPI,Consumer price index,PA,Percent per annum,CP045_0722,Energy,N,Neither seasonally adjusted nor calendar adjusted,GY,"Growth rate, over 1 year",2007-08,,-2.517932,,A,Normal value,,,,,,,2,Two
DATAFLOW,OECD.SDD.TPS:DSD_PRICES@DF_PRICES_ALL(1.0),"Consumer price indices (CPIs, HICPs), COICOP 1999",I,USA,United States,M,Monthly,N,National,CPI,Consumer price index,PA,Percent per annum,CP045_0722,Energy,N,Neither seasonally adjusted nor calendar adjusted,GY,"Growth rate, over 1 year",2007-07,,1.010693,,A,Normal value,,,,,,,2,Two
DATAFLOW,OECD.SDD.TPS:DSD_PRICES@DF_PRICES_ALL(1.0),"Consumer price indices (CPIs, HICPs), COICOP 1999",I,USA,United States,M,Monthly,N,National,CPI,Consumer price index,PA,Percent per annum,CP045_0722,Energy,N,Neither seasonally adjusted nor calendar adjusted,GY,"Growth rate, over 1 year",2007-06,,4.632277,,A,Normal value,,,,,,,2,Two
DATAFLOW,OECD.SDD.TPS:DSD_PRICES@DF_PRICES_ALL(1.0),"Consumer price indices (CPIs, HICPs), COICOP 1999",I,USA,United States,M,Monthly,N,National,CPI,Consumer price index,PA,Percent per annum,CP045_0722,Energy,N,Neither seasonally adjusted nor calendar adjusted,GY,"Growth rate, over 1 year",2007-05,,4.668418,,A,Normal value,,,,,,,2,Two
DATAFLOW,OECD.SDD.TPS:DSD_PRICES@DF_PRICES_ALL(1.0),"Consumer price indices (CPIs, HICPs), COICOP 1999",I,USA,United States,M,Monthly,N,National,CPI,Consumer price index,PA,Percent per annum,CP045_0722,Energy,N,Neither seasonally adjusted nor calendar adjusted,GY,"Growth rate, over 1 year",2007-04,,2.912115,,A,Normal value,,,,,,,2,Two
DATAFLOW,OECD.SDD.TPS:DSD_PRICES@DF_PRICES_ALL(1.0),"Consumer price indices (CPIs, HICPs), COICOP 1999",I,USA,United States,M,Monthly,N,National,CPI,Consumer price index,PA,Percent per annum,CP045_0722,Energy,N,Neither seasonally adjusted nor calendar adjusted,GY,"Growth rate, over 1 year",2007-03,,4.416225,,A,Normal value,,,,,,,2,Two
DATAFLOW,OECD.SDD.TPS:DSD_PRICES@DF_PRICES_ALL(1.0),"Consumer price indices (CPIs, HICPs), COICOP 1999",I,USA,United States,M,Monthly,N,National,CPI,Consumer price index,PA,Percent per annum,CP045_0722,Energy,N,Neither seasonally adjusted nor calendar adjusted,GY,"Growth rate, over 1 year",2007-02,,-1.045601,,A,Normal value,,,,,,,2,Two
DATAFLOW,OECD.SDD.TPS:DSD_PRICES@DF_PRICES_ALL(1.0),"Consumer price indices (CPIs, HICPs), COICOP 1999",I,USA,United States,M,Monthly,N,National,CPI,Consumer price index,PA,Percent per annum,CP045_0722,Energy,N,Neither seasonally adjusted nor calendar adjusted,GY,"Growth rate, over 1 year",2007-01,,-3.130871,,A,Normal value,,,,,,,2,Two
DATAFLOW,OECD.SDD.TPS:DSD_PRICES@DF_PRICES_ALL(1.0),"Consumer price indices (CPIs, HICPs), COICOP 1999",I,USA,United States,M,Monthly,N,National,CPI,Consumer price index,PA,Percent per annum,CP045_0722,Energy,N,Neither seasonally adjusted nor calendar adjusted,GY,"Growth rate, over 1 year",2006-12,,2.888889,,A,Normal value,,,,,,,2,Two
DATAFLOW,OECD.SDD.TPS:DSD_PRICES@DF_PRICES_ALL(1.0),"Consumer price indices (CPIs, HICPs), COICOP 1999",I,USA,United States,M,Monthly,N,National,CPI,Consumer price index,PA,Percent per annum,CP045_0722,Energy,N,Neither seasonally adjusted nor calendar adjusted,GY,"Growth rate, over 1 year",2006-11,,-3.837953,,A,Normal value,,,,,,,2,Two
DATAFLOW,OECD.SDD.TPS:DSD_PRICES@DF_PRICES_ALL(1.0),"Consumer price indices (CPIs, HICPs), COICOP 1999",I,USA,United States,M,Monthly,N,National,CPI,Consumer price index,PA,Percent per annum,CP045_0722,Energy,N,Neither seasonally adjusted nor calendar adjusted,GY,"Growth rate, over 1 year",2006-10,,-11.25795,,A,Normal value,,,,,,,2,Two
DATAFLOW,OECD.SDD.TPS:DSD_PRICES@DF_PRICES_ALL(1.0),"Consumer price indices (CPIs, HICPs), COICOP 1999",I,USA,United States,M,Monthly,N,National,CPI,Consumer price index,PA,Percent per annum,CP045_0722,Energy,N,Neither seasonally adjusted nor calendar adjusted,GY,"Growth rate, over 1 year",2006-09,,-4.278846,,A,Normal value,,,,,,,2,Two
DATAFLOW,OECD.SDD.TPS:DSD_PRICES@DF_PRICES_ALL(1.0),"Consumer price indices (CPIs, HICPs), COICOP 1999",I,USA,United States,M,Monthly,N,National,CPI,Consumer price index,PA,Percent per annum,CP045_0722,Energy,N,Neither seasonally adjusted nor calendar adjusted,GY,"Growth rate, over 1 year",2006-08,,15.05895,,A,Normal value,,,,,,,2,Two
DATAFLOW,OECD.SDD.TPS:DSD_PRICES@DF_PRICES_ALL(1.0),"Consumer price indices (CPIs, HICPs), COICOP 1999",I,USA,United States,M,Monthly,N,National,CPI,Consumer price index,PA,Percent per annum,CP045_0722,Energy,N,Neither seasonally adjusted nor calendar adjusted,GY,"Growth rate, over 1 year",2006-07,,20.5042,,A,Normal value,,,,,,,2,Two
DATAFLOW,OECD.SDD.TPS:DSD_PRICES@DF_PRICES_ALL(1.0),"Consumer price indices (CPIs, HICPs), COICOP 1999",I,USA,United States,M,Monthly,N,National,CPI,Consumer price index,PA,Percent per annum,CP045_0722,Energy,N,Neither seasonally adjusted nor calendar adjusted,GY,"Growth rate, over 1 year",2006-06,,23.27888,,A,Normal value,,,,,,,2,Two
DATAFLOW,OECD.SDD.TPS:DSD_PRICES@DF_PRICES_ALL(1.0),"Consumer price indices (CPIs, HICPs), COICOP 1999",I,USA,United States,M,Monthly,N,National,CPI,Consumer price index,PA,Percent per annum,CP045_0722,Energy,N,Neither seasonally adjusted nor calendar adjusted,GY,"Growth rate, over 1 year",2006-05,,23.55372,,A,Normal value,,,,,,,2,Two
DATAFLOW,OECD.SDD.TPS:DSD_PRICES@DF_PRICES_ALL(1.0),"Consumer price indices (CPIs, HICPs), COICOP 1999",I,USA,United States,M,Monthly,N,National,CPI,Consumer price index,PA,Percent per annum,CP045_0722,Energy,N,Neither seasonally adjusted nor calendar adjusted,GY,"Growth rate, over 1 year",2006-04,,17.84669,,A,Normal value,,,,,,,2,Two
DATAFLOW,OECD.SDD.TPS:DSD_PRICES@DF_PRICES_ALL(1.0),"Consumer price indices (CPIs, HICPs), COICOP 1999",I,USA,United States,M,Monthly,N,National,CPI,Consumer price index,PA,Percent per annum,CP045_0722,Energy,N,Neither seasonally adjusted nor calendar adjusted,GY,"Growth rate, over 1 year",2006-03,,17.28856,,A,Normal value,,,,,,,2,Two
DATAFLOW,OECD.SDD.TPS:DSD_PRICES@DF_PRICES_ALL(1.0),"Consumer price indices (CPIs, HICPs), COICOP 1999",I,USA,United States,M,Monthly,N,National,CPI,Consumer price index,PA,Percent per annum,CP045_0722,Energy,N,Neither seasonally adjusted nor calendar adjusted,GY,"Growth rate, over 1 year",2006-02,,20.10309,,A,Normal value,,,,,,,2,Two
DATAFLOW,OECD.SDD.TPS:DSD_PRICES@DF_PRICES_ALL(1.0),"Consumer price indices (CPIs, HICPs), COICOP 1999",I,USA,United States,M,Monthly,N,National,CPI,Consumer price index,PA,Percent per annum,CP045_0722,Energy,N,Neither seasonally adjusted nor calendar adjusted,GY,"Growth rate, over 1 year",2006-01,,24.75313,,A,Normal value,,,,,,,2,Two
DATAFLOW,OECD.SDD.TPS:DSD_PRICES@DF_PRICES_ALL(1.0),"Consumer price indices (CPIs, HICPs), COICOP 1999",I,USA,United States,M,Monthly,N,National,CPI,Consumer price index,PA,Percent per annum,CP045_0722,Energy,N,Neither seasonally adjusted nor calendar adjusted,GY,"Growth rate, over 1 year",2005-12,,17.11126,,A,Normal value,,,,,,,2,Two
DATAFLOW,OECD.SDD.TPS:DSD_PRICES@DF_PRICES_ALL(1.0),"Consumer price indices (CPIs, HICPs), COICOP 1999",I,USA,United States,M,Monthly,N,National,CPI,Consumer price index,PA,Percent per annum,CP045_0722,Energy,N,Neither seasonally adjusted nor calendar adjusted,GY,"Growth rate, over 1 year",2005-11,,18.28499,,A,Normal value,,,,,,,2,Two
DATAFLOW,OECD.SDD.TPS:DSD_PRICES@DF_PRICES_ALL(1.0),"Consumer price indices (CPIs, HICPs), COICOP 1999",I,USA,United States,M,Monthly,N,National,CPI,Consumer price index,PA,Percent per annum,CP045_0722,Energy,N,Neither seasonally adjusted nor calendar adjusted,GY,"Growth rate, over 1 year",2005-10,,29.54978,,A,Normal value,,,,,,,2,Two
DATAFLOW,OECD.SDD.TPS:DSD_PRICES@DF_PRICES_ALL(1.0),"Consumer price indices (CPIs, HICPs), COICOP 1999",I,USA,United States,M,Monthly,N,National,CPI,Consumer price index,PA,Percent per annum,CP045_0722,Energy,N,Neither seasonally adjusted nor calendar adjusted,GY,"Growth rate, over 1 year",2005-09,,34.80233,,A,Normal value,,,,,,,2,Two
DATAFLOW,OECD.SDD.TPS:DSD_PRICES@DF_PRICES_ALL(1.0),"Consumer price indices (CPIs, HICPs), COICOP 1999",I,USA,United States,M,Monthly,N,National,CPI,Consumer price index,PA,Percent per annum,CP045_0722,Energy,N,Neither seasonally adjusted nor calendar adjusted,GY,"Growth rate, over 1 year",2005-08,,20.15454,,A,Normal value,,,,,,,2,Two
DATAFLOW,OECD.SDD.TPS:DSD_PRICES@DF_PRICES_ALL(1.0),"Consumer price indices (CPIs, HICPs), COICOP 1999",I,USA,United States,M,Monthly,N,National,CPI,Consumer price index,PA,Percent per annum,CP045_0722,Energy,N,Neither seasonally adjusted nor calendar adjusted,GY,"Growth rate, over 1 year",2005-07,,14.20345,,A,Normal value,,,,,,,2,Two
DATAFLOW,OECD.SDD.TPS:DSD_PRICES@DF_PRICES_ALL(1.0),"Consumer price indices (CPIs, HICPs), COICOP 1999",I,USA,United States,M,Monthly,N,National,CPI,Consumer price index,PA,Percent per annum,CP045_0722,Energy,N,Neither seasonally adjusted nor calendar adjusted,GY,"Growth rate, over 1 year",2005-06,,7.326237,,A,Normal value,,,,,,,2,Two
DATAFLOW,OECD.SDD.TPS:DSD_PRICES@DF_PRICES_ALL(1.0),"Consumer price indices (CPIs, HICPs), COICOP 1999",I,USA,United States,M,Monthly,N,National,CPI,Consumer price index,PA,Percent per annum,CP045_0722,Energy,N,Neither seasonally adjusted nor calendar adjusted,GY,"Growth rate, over 1 year",2005-05,,9.928617,,A,Normal value,,,,,,,2,Two
DATAFLOW,OECD.SDD.TPS:DSD_PRICES@DF_PRICES_ALL(1.0),"Consumer price indices (CPIs, HICPs), COICOP 1999",I,USA,United States,M,Monthly,N,National,CPI,Consumer price index,PA,Percent per annum,CP045_0722,Energy,N,Neither seasonally adjusted nor calendar adjusted,GY,"Growth rate, over 1 year",2005-04,,17.13502,,A,Normal value,,,,,,,2,Two
DATAFLOW,OECD.SDD.TPS:DSD_PRICES@DF_PRICES_ALL(1.0),"Consumer price indices (CPIs, HICPs), COICOP 1999",I,USA,United States,M,Monthly,N,National,CPI,Consumer price index,PA,Percent per annum,CP045_0722,Energy,N,Neither seasonally adjusted nor calendar adjusted,GY,"Growth rate, over 1 year",2005-03,,12.36897,,A,Normal value,,,,,,,2,Two
DATAFLOW,OECD.SDD.TPS:DSD_PRICES@DF_PRICES_ALL(1.0),"Consumer price indices (CPIs, HICPs), COICOP 1999",I,USA,United States,M,Monthly,N,National,CPI,Consumer price index,PA,Percent per annum,CP045_0722,Energy,N,Neither seasonally adjusted nor calendar adjusted,GY,"Growth rate, over 1 year",2005-02,,10.38407,,A,Normal value,,,,,,,2,Two
DATAFLOW,OECD.SDD.TPS:DSD_PRICES@DF_PRICES_ALL(1.0),"Consumer price indices (CPIs, HICPs), COICOP 1999",I,USA,United States,M,Monthly,N,National,CPI,Consumer price index,PA,Percent per annum,CP045_0722,Energy,N,Neither seasonally adjusted nor calendar adjusted,GY,"Growth rate, over 1 year",2005-01,,10.55313,,A,Normal value,,,,,,,2,Two
DATAFLOW,OECD.SDD.TPS:DSD_PRICES@DF_PRICES_ALL(1.0),"Consumer price indices (CPIs, HICPs), COICOP 1999",I,USA,United States,M,Monthly,N,National,CPI,Consumer price index,PA,Percent per annum,CP045_0722,Energy,N,Neither seasonally adjusted nor calendar adjusted,GY,"Growth rate, over 1 year",2004-12,,16.61609,,A,Normal value,,,,,,,2,Two
DATAFLOW,OECD.SDD.TPS:DSD_PRICES@DF_PRICES_ALL(1.0),"Consumer price indices (CPIs, HICPs), COICOP 1999",I,USA,United States,M,Monthly,N,National,CPI,Consumer price index,PA,Percent per annum,CP045_0722,Energy,N,Neither seasonally adjusted nor calendar adjusted,GY,"Growth rate, over 1 year",2004-11,,19.15853,,A,Normal value,,,,,,,2,Two
DATAFLOW,OECD.SDD.TPS:DSD_PRICES@DF_PRICES_ALL(1.0),"Consumer price indices (CPIs, HICPs), COICOP 1999",I,USA,United States,M,Monthly,N,National,CPI,Consumer price index,PA,Percent per annum,CP045_0722,Energy,N,Neither seasonally adjusted nor calendar adjusted,GY,"Growth rate, over 1 year",2004-10,,15.19357,,A,Normal value,,,,,,,2,Two
DATAFLOW,OECD.SDD.TPS:DSD_PRICES@DF_PRICES_ALL(1.0),"Consumer price indices (CPIs, HICPs), COICOP 1999",I,USA,United States,M,Monthly,N,National,CPI,Consumer price index,PA,Percent per annum,CP045_0722,Energy,N,Neither seasonally adjusted nor calendar adjusted,GY,"Growth rate, over 1 year",2004-09,,6.70816,,A,Normal value,,,,,,,2,Two
DATAFLOW,OECD.SDD.TPS:DSD_PRICES@DF_PRICES_ALL(1.0),"Consumer price indices (CPIs, HICPs), COICOP 1999",I,USA,United States,M,Monthly,N,National,CPI,Consumer price index,PA,Percent per annum,CP045_0722,Energy,N,Neither seasonally adjusted nor calendar adjusted,GY,"Growth rate, over 1 year",2004-08,,10.45519,,A,Normal value,,,,,,,2,Two
DATAFLOW,OECD.SDD.TPS:DSD_PRICES@DF_PRICES_ALL(1.0),"Consumer price indices (CPIs, HICPs), COICOP 1999",I,USA,United States,M,Monthly,N,National,CPI,Consumer price index,PA,Percent per annum,CP045_0722,Energy,N,Neither seasonally adjusted nor calendar adjusted,GY,"Growth rate, over 1 year",2004-07,,14.25439,,A,Normal value,,,,,,,2,Two
DATAFLOW,OECD.SDD.TPS:DSD_PRICES@DF_PRICES_ALL(1.0),"Consumer price indices (CPIs, HICPs), COICOP 1999",I,USA,United States,M,Monthly,N,National,CPI,Consumer price index,PA,Percent per annum,CP045_0722,Energy,N,Neither seasonally adjusted nor calendar adjusted,GY,"Growth rate, over 1 year",2004-06,,16.99634,,A,Normal value,,,,,,,2,Two
DATAFLOW,OECD.SDD.TPS:DSD_PRICES@DF_PRICES_ALL(1.0),"Consumer price indices (CPIs, HICPs), COICOP 1999",I,USA,United States,M,Monthly,N,National,CPI,Consumer price index,PA,Percent per annum,CP045_0722,Energy,N,Neither seasonally adjusted nor calendar adjusted,GY,"Growth rate, over 1 year",2004-05,,15,,A,Normal value,,,,,,,2,Two
DATAFLOW,OECD.SDD.TPS:DSD_PRICES@DF_PRICES_ALL(1.0),"Consumer price indices (CPIs, HICPs), COICOP 1999",I,USA,United States,M,Monthly,N,National,CPI,Consumer price index,PA,Percent per annum,CP045_0722,Energy,N,Neither seasonally adjusted nor calendar adjusted,GY,"Growth rate, over 1 year",2004-04,,5.648081,,A,Normal value,,,,,,,2,Two
DATAFLOW,OECD.SDD.TPS:DSD_PRICES@DF_PRICES_ALL(1.0),"Consumer price indices (CPIs, HICPs), COICOP 1999",I,USA,United States,M,Monthly,N,National,CPI,Consumer price index,PA,Percent per annum,CP045_0722,Energy,N,Neither seasonally adjusted nor calendar adjusted,GY,"Growth rate, over 1 year",2004-03,,0.3506311,,A,Normal value,,,,,,,2,Two
DATAFLOW,OECD.SDD.TPS:DSD_PRICES@DF_PRICES_ALL(1.0),"Consumer price indices (CPIs, HICPs), COICOP 1999",I,USA,United States,M,Monthly,N,National,CPI,Consumer price index,PA,Percent per annum,CP045_0722,Energy,N,Neither seasonally adjusted nor calendar adjusted,GY,"Growth rate, over 1 year",2004-02,,3.840473,,A,Normal value,,,,,,,2,Two
DATAFLOW,OECD.SDD.TPS:DSD_PRICES@DF_PRICES_ALL(1.0),"Consumer price indices (CPIs, HICPs), COICOP 1999",I,USA,United States,M,Monthly,N,National,CPI,Consumer price index,PA,Percent per annum,CP045_0722,Energy,N,Neither seasonally adjusted nor calendar adjusted,GY,"Growth rate, over 1 year",2004-01,,7.764706,,A,Normal value,,,,,,,2,Two
DATAFLOW,OECD.SDD.TPS:DSD_PRICES@DF_PRICES_ALL(1.0),"Consumer price indices (CPIs, HICPs), COICOP 1999",I,USA,United States,M,Monthly,N,National,CPI,Consumer price index,PA,Percent per annum,CP045_0722,Energy,N,Neither seasonally adjusted nor calendar adjusted,GY,"Growth rate, over 1 year",2003-12,,6.893755,,A,Normal value,,,,,,,2,Two
DATAFLOW,OECD.SDD.TPS:DSD_PRICES@DF_PRICES_ALL(1.0),"Consumer price indices (CPIs, HICPs), COICOP 1999",I,USA,United States,M,Monthly,N,National,CPI,Consumer price index,PA,Percent per annum,CP045_0722,Energy,N,Neither seasonally adjusted nor calendar adjusted,GY,"Growth rate, over 1 year",2003-11,,6.22506,,A,Normal value,,,,,,,2,Two
DATAFLOW,OECD.SDD.TPS:DSD_PRICES@DF_PRICES_ALL(1.0),"Consumer price indices (CPIs, HICPs), COICOP 1999",I,USA,United States,M,Monthly,N,National,CPI,Consumer price index,PA,Percent per annum,CP045_0722,Energy,N,Neither seasonally adjusted nor calendar adjusted,GY,"Growth rate, over 1 year",2003-10,,8.823529,,A,Normal value,,,,,,,2,Two
DATAFLOW,OECD.SDD.TPS:DSD_PRICES@DF_PRICES_ALL(1.0),"Consumer price indices (CPIs, HICPs), COICOP 1999",I,USA,United States,M,Monthly,N,National,CPI,Consumer price index,PA,Percent per annum,CP045_0722,Energy,N,Neither seasonally adjusted nor calendar adjusted,GY,"Growth rate, over 1 year",2003-09,,14.6709,,A,Normal value,,,,,,,2,Two
DATAFLOW,OECD.SDD.TPS:DSD_PRICES@DF_PRICES_ALL(1.0),"Consumer price indices (CPIs, HICPs), COICOP 1999",I,USA,United States,M,Monthly,N,National,CPI,Consumer price index,PA,Percent per annum,CP045_0722,Energy,N,Neither seasonally adjusted nor calendar adjusted,GY,"Growth rate, over 1 year",2003-08,,11.76471,,A,Normal value,,,,,,,2,Two
DATAFLOW,OECD.SDD.TPS:DSD_PRICES@DF_PRICES_ALL(1.0),"Consumer price indices (CPIs, HICPs), COICOP 1999",I,USA,United States,M,Monthly,N,National,CPI,Consumer price index,PA,Percent per annum,CP045_0722,Energy,N,Neither seasonally adjusted nor calendar adjusted,GY,"Growth rate, over 1 year",2003-07,,9.003984,,A,Normal value,,,,,,,2,Two
DATAFLOW,OECD.SDD.TPS:DSD_PRICES@DF_PRICES_ALL(1.0),"Consumer price indices (CPIs, HICPs), COICOP 1999",I,USA,United States,M,Monthly,N,National,CPI,Consumer price index,PA,Percent per annum,CP045_0722,Energy,N,Neither seasonally adjusted nor calendar adjusted,GY,"Growth rate, over 1 year",2003-06,,9.28743,,A,Normal value,,,,,,,2,Two
DATAFLOW,OECD.SDD.TPS:DSD_PRICES@DF_PRICES_ALL(1.0),"Consumer price indices (CPIs, HICPs), COICOP 1999",I,USA,United States,M,Monthly,N,National,CPI,Consumer price index,PA,Percent per annum,CP045_0722,Energy,N,Neither seasonally adjusted nor calendar adjusted,GY,"Growth rate, over 1 year",2003-05,,9.031734,,A,Normal value,,,,,,,2,Two
DATAFLOW,OECD.SDD.TPS:DSD_PRICES@DF_PRICES_ALL(1.0),"Consumer price indices (CPIs, HICPs), COICOP 1999",I,USA,United States,M,Monthly,N,National,CPI,Consumer price index,PA,Percent per annum,CP045_0722,Energy,N,Neither seasonally adjusted nor calendar adjusted,GY,"Growth rate, over 1 year",2003-04,,13.01146,,A,Normal value,,,,,,,2,Two
DATAFLOW,OECD.SDD.TPS:DSD_PRICES@DF_PRICES_ALL(1.0),"Consumer price indices (CPIs, HICPs), COICOP 1999",I,USA,United States,M,Monthly,N,National,CPI,Consumer price index,PA,Percent per annum,CP045_0722,Energy,N,Neither seasonally adjusted nor calendar adjusted,GY,"Growth rate, over 1 year",2003-03,,23.3564,,A,Normal value,,,,,,,2,Two
DATAFLOW,OECD.SDD.TPS:DSD_PRICES@DF_PRICES_ALL(1.0),"Consumer price indices (CPIs, HICPs), COICOP 1999",I,USA,United States,M,Monthly,N,National,CPI,Consumer price index,PA,Percent per annum,CP045_0722,Energy,N,Neither seasonally adjusted nor calendar adjusted,GY,"Growth rate, over 1 year",2003-02,,21.98198,,A,Normal value,,,,,,,2,Two
DATAFLOW,OECD.SDD.TPS:DSD_PRICES@DF_PRICES_ALL(1.0),"Consumer price indices (CPIs, HICPs), COICOP 1999",I,USA,United States,M,Monthly,N,National,CPI,Consumer price index,PA,Percent per annum,CP045_0722,Energy,N,Neither seasonally adjusted nor calendar adjusted,GY,"Growth rate, over 1 year",2003-01,,14.14503,,A,Normal value,,,,,,,2,Two
DATAFLOW,OECD.SDD.TPS:DSD_PRICES@DF_PRICES_ALL(1.0),"Consumer price indices (CPIs, HICPs), COICOP 1999",I,USA,United States,M,Monthly,N,National,CPI,Consumer price index,PA,Percent per annum,CP045_0722,Energy,N,Neither seasonally adjusted nor calendar adjusted,GY,"Growth rate, over 1 year",2002-12,,10.68223,,A,Normal value,,,,,,,2,Two
DATAFLOW,OECD.SDD.TPS:DSD_PRICES@DF_PRICES_ALL(1.0),"Consumer price indices (CPIs, HICPs), COICOP 1999",I,USA,United States,M,Monthly,N,National,CPI,Consumer price index,PA,Percent per annum,CP045_0722,Energy,N,Neither seasonally adjusted nor calendar adjusted,GY,"Growth rate, over 1 year",2002-11,,8.017241,,A,Normal value,,,,,,,2,Two
DATAFLOW,OECD.SDD.TPS:DSD_PRICES@DF_PRICES_ALL(1.0),"Consumer price indices (CPIs, HICPs), COICOP 1999",I,USA,United States,M,Monthly,N,National,CPI,Consumer price index,PA,Percent per annum,CP045_0722,Energy,N,Neither seasonally adjusted nor calendar adjusted,GY,"Growth rate, over 1 year",2002-10,,3.030303,,A,Normal value,,,,,,,2,Two
DATAFLOW,OECD.SDD.TPS:DSD_PRICES@DF_PRICES_ALL(1.0),"Consumer price indices (CPIs, HICPs), COICOP 1999",I,USA,United States,M,Monthly,N,National,CPI,Consumer price index,PA,Percent per annum,CP045_0722,Energy,N,Neither seasonally adjusted nor calendar adjusted,GY,"Growth rate, over 1 year",2002-09,,-4.830189,,A,Normal value,,,,,,,2,Two
DATAFLOW,OECD.SDD.TPS:DSD_PRICES@DF_PRICES_ALL(1.0),"Consumer price indices (CPIs, HICPs), COICOP 1999",I,USA,United States,M,Monthly,N,National,CPI,Consumer price index,PA,Percent per annum,CP045_0722,Energy,N,Neither seasonally adjusted nor calendar adjusted,GY,"Growth rate, over 1 year",2002-08,,-2.782071,,A,Normal value,,,,,,,2,Two
DATAFLOW,OECD.SDD.TPS:DSD_PRICES@DF_PRICES_ALL(1.0),"Consumer price indices (CPIs, HICPs), COICOP 1999",I,USA,United States,M,Monthly,N,National,CPI,Consumer price index,PA,Percent per annum,CP045_0722,Energy,N,Neither seasonally adjusted nor calendar adjusted,GY,"Growth rate, over 1 year",2002-07,,-5.21148,,A,Normal value,,,,,,,2,Two
DATAFLOW,OECD.SDD.TPS:DSD_PRICES@DF_PRICES_ALL(1.0),"Consumer price indices (CPIs, HICPs), COICOP 1999",I,USA,United States,M,Monthly,N,National,CPI,Consumer price index,PA,Percent per annum,CP045_0722,Energy,N,Neither seasonally adjusted nor calendar adjusted,GY,"Growth rate, over 1 year",2002-06,,-11.1032,,A,Normal value,,,,,,,2,Two
DATAFLOW,OECD.SDD.TPS:DSD_PRICES@DF_PRICES_ALL(1.0),"Consumer price indices (CPIs, HICPs), COICOP 1999",I,USA,United States,M,Monthly,N,National,CPI,Consumer price index,PA,Percent per annum,CP045_0722,Energy,N,Neither seasonally adjusted nor calendar adjusted,GY,"Growth rate, over 1 year",2002-05,,-12.27695,,A,Normal value,,,,,,,2,Two
DATAFLOW,OECD.SDD.TPS:DSD_PRICES@DF_PRICES_ALL(1.0),"Consumer price indices (CPIs, HICPs), COICOP 1999",I,USA,United States,M,Monthly,N,National,CPI,Consumer price index,PA,Percent per annum,CP045_0722,Energy,N,Neither seasonally adjusted nor calendar adjusted,GY,"Growth rate, over 1 year",2002-04,,-8.189331,,A,Normal value,,,,,,,2,Two
DATAFLOW,OECD.SDD.TPS:DSD_PRICES@DF_PRICES_ALL(1.0),"Consumer price indices (CPIs, HICPs), COICOP 1999",I,USA,United States,M,Monthly,N,National,CPI,Consumer price index,PA,Percent per annum,CP045_0722,Energy,N,Neither seasonally adjusted nor calendar adjusted,GY,"Growth rate, over 1 year",2002-03,,-10.73359,,A,Normal value,,,,,,,2,Two
DATAFLOW,OECD.SDD.TPS:DSD_PRICES@DF_PRICES_ALL(1.0),"Consumer price indices (CPIs, HICPs), COICOP 1999",I,USA,United States,M,Monthly,N,National,CPI,Consumer price index,PA,Percent per annum,CP045_0722,Energy,N,Neither seasonally adjusted nor calendar adjusted,GY,"Growth rate, over 1 year",2002-02,,-15.90909,,A,Normal value,,,,,,,2,Two
DATAFLOW,OECD.SDD.TPS:DSD_PRICES@DF_PRICES_ALL(1.0),"Consumer price indices (CPIs, HICPs), COICOP 1999",I,USA,United States,M,Monthly,N,National,CPI,Consumer price index,PA,Percent per annum,CP045_0722,Energy,N,Neither seasonally adjusted nor calendar adjusted,GY,"Growth rate, over 1 year",2002-01,,-15.69811,,A,Normal value,,,,,,,2,Two
DATAFLOW,OECD.SDD.TPS:DSD_PRICES@DF_PRICES_ALL(1.0),"Consumer price indices (CPIs, HICPs), COICOP 1999",I,USA,United States,M,Monthly,N,National,CPI,Consumer price index,PA,Percent per annum,CP045_0722,Energy,N,Neither seasonally adjusted nor calendar adjusted,GY,"Growth rate, over 1 year",2001-12,,-13.03669,,A,Normal value,,,,,,,2,Two
DATAFLOW,OECD.SDD.TPS:DSD_PRICES@DF_PRICES_ALL(1.0),"Consumer price indices (CPIs, HICPs), COICOP 1999",I,USA,United States,M,Monthly,N,National,CPI,Consumer price index,PA,Percent per annum,CP045_0722,Energy,N,Neither seasonally adjusted nor calendar adjusted,GY,"Growth rate, over 1 year",2001-11,,-10.07752,,A,Normal value,,,,,,,2,Two
DATAFLOW,OECD.SDD.TPS:DSD_PRICES@DF_PRICES_ALL(1.0),"Consumer price indices (CPIs, HICPs), COICOP 1999",I,USA,United States,M,Monthly,N,National,CPI,Consumer price index,PA,Percent per annum,CP045_0722,Energy,N,Neither seasonally adjusted nor calendar adjusted,GY,"Growth rate, over 1 year",2001-10,,-5.568446,,A,Normal value,,,,,,,2,Two
DATAFLOW,OECD.SDD.TPS:DSD_PRICES@DF_PRICES_ALL(1.0),"Consumer price indices (CPIs, HICPs), COICOP 1999",I,USA,United States,M,Monthly,N,National,CPI,Consumer price index,PA,Percent per annum,CP045_0722,Energy,N,Neither seasonally adjusted nor calendar adjusted,GY,"Growth rate, over 1 year",2001-09,,1.454824,,A,Normal value,,,,,,,2,Two
DATAFLOW,OECD.SDD.TPS:DSD_PRICES@DF_PRICES_ALL(1.0),"Consumer price indices (CPIs, HICPs), COICOP 1999",I,USA,United States,M,Monthly,N,National,CPI,Consumer price index,PA,Percent per annum,CP045_0722,Energy,N,Neither seasonally adjusted nor calendar adjusted,GY,"Growth rate, over 1 year",2001-08,,2.779984,,A,Normal value,,,,,,,2,Two
DATAFLOW,OECD.SDD.TPS:DSD_PRICES@DF_PRICES_ALL(1.0),"Consumer price indices (CPIs, HICPs), COICOP 1999",I,USA,United States,M,Monthly,N,National,CPI,Consumer price index,PA,Percent per annum,CP045_0722,Energy,N,Neither seasonally adjusted nor calendar adjusted,GY,"Growth rate, over 1 year",2001-07,,2.081727,,A,Normal value,,,,,,,2,Two
DATAFLOW,OECD.SDD.TPS:DSD_PRICES@DF_PRICES_ALL(1.0),"Consumer price indices (CPIs, HICPs), COICOP 1999",I,USA,United States,M,Monthly,N,National,CPI,Consumer price index,PA,Percent per annum,CP045_0722,Energy,N,Neither seasonally adjusted nor calendar adjusted,GY,"Growth rate, over 1 year",2001-06,,8.410494,,A,Normal value,,,,,,,2,Two
DATAFLOW,OECD.SDD.TPS:DSD_PRICES@DF_PRICES_ALL(1.0),"Consumer price indices (CPIs, HICPs), COICOP 1999",I,USA,United States,M,Monthly,N,National,CPI,Consumer price index,PA,Percent per annum,CP045_0722,Energy,N,Neither seasonally adjusted nor calendar adjusted,GY,"Growth rate, over 1 year",2001-05,,15.78512,,A,Normal value,,,,,,,2,Two
DATAFLOW,OECD.SDD.TPS:DSD_PRICES@DF_PRICES_ALL(1.0),"Consumer price indices (CPIs, HICPs), COICOP 1999",I,USA,United States,M,Monthly,N,National,CPI,Consumer price index,PA,Percent per annum,CP045_0722,Energy,N,Neither seasonally adjusted nor calendar adjusted,GY,"Growth rate, over 1 year",2001-04,,10.27341,,A,Normal value,,,,,,,2,Two
DATAFLOW,OECD.SDD.TPS:DSD_PRICES@DF_PRICES_ALL(1.0),"Consumer price indices (CPIs, HICPs), COICOP 1999",I,USA,United States,M,Monthly,N,National,CPI,Consumer price index,PA,Percent per annum,CP045_0722,Energy,N,Neither seasonally adjusted nor calendar adjusted,GY,"Growth rate, over 1 year",2001-03,,5.973814,,A,Normal value,,,,,,,2,Two
DATAFLOW,OECD.SDD.TPS:DSD_PRICES@DF_PRICES_ALL(1.0),"Consumer price indices (CPIs, HICPs), COICOP 1999",I,USA,United States,M,Monthly,N,National,CPI,Consumer price index,PA,Percent per annum,CP045_0722,Energy,N,Neither seasonally adjusted nor calendar adjusted,GY,"Growth rate, over 1 year",2016-06,,-9.384687,,A,Normal value,,,,,,,2,Two
DATAFLOW,OECD.SDD.TPS:DSD_PRICES@DF_PRICES_ALL(1.0),"Consumer price indices (CPIs, HICPs), COICOP 1999",I,USA,United States,M,Monthly,N,National,CPI,Consumer price index,PA,Percent per annum,CP045_0722,Energy,N,Neither seasonally adjusted nor calendar adjusted,GY,"Growth rate, over 1 year",2016-05,,-10.05764,,A,Normal value,,,,,,,2,Two
DATAFLOW,OECD.SDD.TPS:DSD_PRICES@DF_PRICES_ALL(1.0),"Consumer price indices (CPIs, HICPs), COICOP 1999",I,USA,United States,M,Monthly,N,National,CPI,Consumer price index,PA,Percent per annum,CP045_0722,Energy,N,Neither seasonally adjusted nor calendar adjusted,GY,"Growth rate, over 1 year",2016-04,,-8.820111,,A,Normal value,,,,,,,2,Two
DATAFLOW,OECD.SDD.TPS:DSD_PRICES@DF_PRICES_ALL(1.0),"Consumer price indices (CPIs, HICPs), COICOP 1999",I,USA,United States,M,Monthly,N,National,CPI,Consumer price index,PA,Percent per annum,CP045_0722,Energy,N,Neither seasonally adjusted nor calendar adjusted,GY,"Growth rate, over 1 year",2016-03,,-12.49728,,A,Normal value,,,,,,,2,Two
DATAFLOW,OECD.SDD.TPS:DSD_PRICES@DF_PRICES_ALL(1.0),"Consumer price indices (CPIs, HICPs), COICOP 1999",I,USA,United States,M,Monthly,N,National,CPI,Consumer price index,PA,Percent per annum,CP045_0722,Energy,N,Neither seasonally adjusted nor calendar adjusted,GY,"Growth rate, over 1 year",2016-02,,-12.41343,,A,Normal value,,,,,,,2,Two
DATAFLOW,OECD.SDD.TPS:DSD_PRICES@DF_PRICES_ALL(1.0),"Consumer price indices (CPIs, HICPs), COICOP 1999",I,USA,United States,M,Monthly,N,National,CPI,Consumer price index,PA,Percent per annum,CP045_0722,Energy,N,Neither seasonally adjusted nor calendar adjusted,GY,"Growth rate, over 1 year",2016-01,,-6.423202,,A,Normal value,,,,,,,2,Two
DATAFLOW,OECD.SDD.TPS:DSD_PRICES@DF_PRICES_ALL(1.0),"Consumer price indices (CPIs, HICPs), COICOP 1999",I,USA,United States,M,Monthly,N,National,CPI,Consumer price index,PA,Percent per annum,CP045_0722,Energy,N,Neither seasonally adjusted nor calendar adjusted,GY,"Growth rate, over 1 year",2015-12,,-12.53282,,A,Normal value,,,,,,,2,Two
DATAFLOW,OECD.SDD.TPS:DSD_PRICES@DF_PRICES_ALL(1.0),"Consumer price indices (CPIs, HICPs), COICOP 1999",I,USA,United States,M,Monthly,N,National,CPI,Consumer price index,PA,Percent per annum,CP045_0722,Energy,N,Neither seasonally adjusted nor calendar adjusted,GY,"Growth rate, over 1 year",2015-11,,-14.62273,,A,Normal value,,,,,,,2,Two
DATAFLOW,OECD.SDD.TPS:DSD_PRICES@DF_PRICES_ALL(1.0),"Consumer price indices (CPIs, HICPs), COICOP 1999",I,USA,United States,M,Monthly,N,National,CPI,Consumer price index,PA,Percent per annum,CP045_0722,Energy,N,Neither seasonally adjusted nor calendar adjusted,GY,"Growth rate, over 1 year",2015-10,,-17.07746,,A,Normal value,,,,,,,2,Two
DATAFLOW,OECD.SDD.TPS:DSD_PRICES@DF_PRICES_ALL(1.0),"Consumer price indices (CPIs, HICPs), COICOP 1999",I,USA,United States,M,Monthly,N,National,CPI,Consumer price index,PA,Percent per annum,CP045_0722,Energy,N,Neither seasonally adjusted nor calendar adjusted,GY,"Growth rate, over 1 year",2015-09,,-18.31707,,A,Normal value,,,,,,,2,Two
DATAFLOW,OECD.SDD.TPS:DSD_PRICES@DF_PRICES_ALL(1.0),"Consumer price indices (CPIs, HICPs), COICOP 1999",I,USA,United States,M,Monthly,N,National,CPI,Consumer price index,PA,Percent per annum,CP045_0722,Energy,N,Neither seasonally adjusted nor calendar adjusted,GY,"Growth rate, over 1 year",2015-08,,-14.96812,,A,Normal value,,,,,,,2,Two
DATAFLOW,OECD.SDD.TPS:DSD_PRICES@DF_PRICES_ALL(1.0),"Consumer price indices (CPIs, HICPs), COICOP 1999",I,USA,United States,M,Monthly,N,National,CPI,Consumer price index,PA,Percent per annum,CP045_0722,Energy,N,Neither seasonally adjusted nor calendar adjusted,GY,"Growth rate, over 1 year",2015-07,,-14.70002,,A,Normal value,,,,,,,2,Two
DATAFLOW,OECD.SDD.TPS:DSD_PRICES@DF_PRICES_ALL(1.0),"Consumer price indices (CPIs, HICPs), COICOP 1999",I,USA,United States,M,Monthly,N,National,CPI,Consumer price index,PA,Percent per annum,CP045_0722,Energy,N,Neither seasonally adjusted nor calendar adjusted,GY,"Growth rate, over 1 year",2015-06,,-14.97328,,A,Normal value,,,,,,,2,Two
DATAFLOW,OECD.SDD.TPS:DSD_PRICES@DF_PRICES_ALL(1.0),"Consumer price indices (CPIs, HICPs), COICOP 1999",I,USA,United States,M,Monthly,N,National,CPI,Consumer price index,PA,Percent per annum,CP045_0722,Energy,N,Neither seasonally adjusted nor calendar adjusted,GY,"Growth rate, over 1 year",2015-05,,-16.20641,,A,Normal value,,,,,,,2,Two
DATAFLOW,OECD.SDD.TPS:DSD_PRICES@DF_PRICES_ALL(1.0),"Consumer price indices (CPIs, HICPs), COICOP 1999",I,USA,United States,M,Monthly,N,National,CPI,Consumer price index,PA,Percent per annum,CP045_0722,Energy,N,Neither seasonally adjusted nor calendar adjusted,GY,"Growth rate, over 1 year",2015-04,,-19.31396,,A,Normal value,,,,,,,2,Two
DATAFLOW,OECD.SDD.TPS:DSD_PRICES@DF_PRICES_ALL(1.0),"Consumer price indices (CPIs, HICPs), COICOP 1999",I,USA,United States,M,Monthly,N,National,CPI,Consumer price index,PA,Percent per annum,CP045_0722,Energy,N,Neither seasonally adjusted nor calendar adjusted,GY,"Growth rate, over 1 year",2015-03,,-18.21136,,A,Normal value,,,,,,,2,Two
DATAFLOW,OECD.SDD.TPS:DSD_PRICES@DF_PRICES_ALL(1.0),"Consumer price indices (CPIs, HICPs), COICOP 1999",I,USA,United States,M,Monthly,N,National,CPI,Consumer price index,PA,Percent per annum,CP045_0722,Energy,N,Neither seasonally adjusted nor calendar adjusted,GY,"Growth rate, over 1 year",2015-02,,-18.69652,,A,Normal value,,,,,,,2,Two
DATAFLOW,OECD.SDD.TPS:DSD_PRICES@DF_PRICES_ALL(1.0),"Consumer price indices (CPIs, HICPs), COICOP 1999",I,USA,United States,M,Monthly,N,National,CPI,Consumer price index,PA,Percent per annum,CP045_0722,Energy,N,Neither seasonally adjusted nor calendar adjusted,GY,"Growth rate, over 1 year",2015-01,,-19.51475,,A,Normal value,,,,,,,2,Two
DATAFLOW,OECD.SDD.TPS:DSD_PRICES@DF_PRICES_ALL(1.0),"Consumer price indices (CPIs, HICPs), COICOP 1999",I,USA,United States,M,Monthly,N,National,CPI,Consumer price index,PA,Percent per annum,CP045_0722,Energy,N,Neither seasonally adjusted nor calendar adjusted,GY,"Growth rate, over 1 year",2014-12,,-10.507,,A,Normal value,,,,,,,2,Two
DATAFLOW,OECD.SDD.TPS:DSD_PRICES@DF_PRICES_ALL(1.0),"Consumer price indices (CPIs, HICPs), COICOP 1999",I,USA,United States,M,Monthly,N,National,CPI,Consumer price index,PA,Percent per annum,CP045_0722,Energy,N,Neither seasonally adjusted nor calendar adjusted,GY,"Growth rate, over 1 year",2014-11,,-4.816407,,A,Normal value,,,,,,,2,Two
DATAFLOW,OECD.SDD.TPS:DSD_PRICES@DF_PRICES_ALL(1.0),"Consumer price indices (CPIs, HICPs), COICOP 1999",I,USA,United States,M,Monthly,N,National,CPI,Consumer price index,PA,Percent per annum,CP045_0722,Energy,N,Neither seasonally adjusted nor calendar adjusted,GY,"Growth rate, over 1 year",2014-10,,-1.579953,,A,Normal value,,,,,,,2,Two
DATAFLOW,OECD.SDD.TPS:DSD_PRICES@DF_PRICES_ALL(1.0),"Consumer price indices (CPIs, HICPs), COICOP 1999",I,USA,United States,M,Monthly,N,National,CPI,Consumer price index,PA,Percent per annum,CP045_0722,Energy,N,Neither seasonally adjusted nor calendar adjusted,GY,"Growth rate, over 1 year",2014-09,,-0.5933703,,A,Normal value,,,,,,,2,Two
DATAFLOW,OECD.SDD.TPS:DSD_PRICES@DF_PRICES_ALL(1.0),"Consumer price indices (CPIs, HICPs), COICOP 1999",I,USA,United States,M,Monthly,N,National,CPI,Consumer price index,PA,Percent per annum,CP045_0722,Energy,N,Neither seasonally adjusted nor calendar adjusted,GY,"Growth rate, over 1 year",2014-08,,0.355168,,A,Normal value,,,,,,,2,Two
DATAFLOW,OECD.SDD.TPS:DSD_PRICES@DF_PRICES_ALL(1.0),"Consumer price indices (CPIs, HICPs), COICOP 1999",I,USA,United States,M,Monthly,N,National,CPI,Consumer price index,PA,Percent per annum,CP045_0722,Energy,N,Neither seasonally adjusted nor calendar adjusted,GY,"Growth rate, over 1 year",2014-07,,2.566055,,A,Normal value,,,,,,,2,Two
DATAFLOW,OECD.SDD.TPS:DSD_PRICES@DF_PRICES_ALL(1.0),"Consumer price indices (CPIs, HICPs), COICOP 1999",I,USA,United States,M,Monthly,N,National,CPI,Consumer price index,PA,Percent per annum,CP045_0722,Energy,N,Neither seasonally adjusted nor calendar adjusted,GY,"Growth rate, over 1 year",2014-06,,3.141465,,A,Normal value,,,,,,,2,Two
DATAFLOW,OECD.SDD.TPS:DSD_PRICES@DF_PRICES_ALL(1.0),"Consumer price indices (CPIs, HICPs), COICOP 1999",I,USA,United States,M,Monthly,N,National,CPI,Consumer price index,PA,Percent per annum,CP045_0722,Energy,N,Neither seasonally adjusted nor calendar adjusted,GY,"Growth rate, over 1 year",2014-05,,3.265491,,A,Normal value,,,,,,,2,Two
DATAFLOW,OECD.SDD.TPS:DSD_PRICES@DF_PRICES_ALL(1.0),"Consumer price indices (CPIs, HICPs), COICOP 1999",I,USA,United States,M,Monthly,N,National,CPI,Consumer price index,PA,Percent per annum,CP045_0722,Energy,N,Neither seasonally adjusted nor calendar adjusted,GY,"Growth rate, over 1 year",2014-04,,3.224277,,A,Normal value,,,,,,,2,Two
DATAFLOW,OECD.SDD.TPS:DSD_PRICES@DF_PRICES_ALL(1.0),"Consumer price indices (CPIs, HICPs), COICOP 1999",I,USA,United States,M,Monthly,N,National,CPI,Consumer price index,PA,Percent per annum,CP045_0722,Energy,N,Neither seasonally adjusted nor calendar adjusted,GY,"Growth rate, over 1 year",2014-03,,0.3672287,,A,Normal value,,,,,,,2,Two
DATAFLOW,OECD.SDD.TPS:DSD_PRICES@DF_PRICES_ALL(1.0),"Consumer price indices (CPIs, HICPs), COICOP 1999",I,USA,United States,M,Monthly,N,National,CPI,Consumer price index,PA,Percent per annum,CP045_0722,Energy,N,Neither seasonally adjusted nor calendar adjusted,GY,"Growth rate, over 1 year",2014-02,,-2.471866,,A,Normal value,,,,,,,2,Two
DATAFLOW,OECD.SDD.TPS:DSD_PRICES@DF_PRICES_ALL(1.0),"Consumer price indices (CPIs, HICPs), COICOP 1999",I,USA,United States,M,Monthly,N,National,CPI,Consumer price index,PA,Percent per annum,CP045_0722,Energy,N,Neither seasonally adjusted nor calendar adjusted,GY,"Growth rate, over 1 year",2014-01,,2.097305,,A,Normal value,,,,,,,2,Two
DATAFLOW,OECD.SDD.TPS:DSD_PRICES@DF_PRICES_ALL(1.0),"Consumer price indices (CPIs, HICPs), COICOP 1999",I,USA,United States,M,Monthly,N,National,CPI,Consumer price index,PA,Percent per annum,CP045_0722,Energy,N,Neither seasonally adjusted nor calendar adjusted,GY,"Growth rate, over 1 year",2013-12,,0.4578688,,A,Normal value,,,,,,,2,Two
DATAFLOW,OECD.SDD.TPS:DSD_PRICES@DF_PRICES_ALL(1.0),"Consumer price indices (CPIs, HICPs), COICOP 1999",I,USA,United States,M,Monthly,N,National,CPI,Consumer price index,PA,Percent per annum,CP045_0722,Energy,N,Neither seasonally adjusted nor calendar adjusted,GY,"Growth rate, over 1 year",2013-11,,-2.431512,,A,Normal value,,,,,,,2,Two
DATAFLOW,OECD.SDD.TPS:DSD_PRICES@DF_PRICES_ALL(1.0),"Consumer price indices (CPIs, HICPs), COICOP 1999",I,USA,United States,M,Monthly,N,National,CPI,Consumer price index,PA,Percent per annum,CP045_0722,Energy,N,Neither seasonally adjusted nor calendar adjusted,GY,"Growth rate, over 1 year",2013-10,,-4.78958,,A,Normal value,,,,,,,2,Two
DATAFLOW,OECD.SDD.TPS:DSD_PRICES@DF_PRICES_ALL(1.0),"Consumer price indices (CPIs, HICPs), COICOP 1999",I,USA,United States,M,Monthly,N,National,CPI,Consumer price index,PA,Percent per annum,CP045_0722,Energy,N,Neither seasonally adjusted nor calendar adjusted,GY,"Growth rate, over 1 year",2013-09,,-3.050341,,A,Normal value,,,,,,,2,Two
DATAFLOW,OECD.SDD.TPS:DSD_PRICES@DF_PRICES_ALL(1.0),"Consumer price indices (CPIs, HICPs), COICOP 1999",I,USA,United States,M,Monthly,N,National,CPI,Consumer price index,PA,Percent per annum,CP045_0722,Energy,N,Neither seasonally adjusted nor calendar adjusted,GY,"Growth rate, over 1 year",2013-08,,-0.1178557,,A,Normal value,,,,,,,2,Two
DATAFLOW,OECD.SDD.TPS:DSD_PRICES@DF_PRICES_ALL(1.0),"Consumer price indices (CPIs, HICPs), COICOP 1999",I,USA,United States,M,Monthly,N,National,CPI,Consumer price index,PA,Percent per annum,CP045_0722,Energy,N,Neither seasonally adjusted nor calendar adjusted,GY,"Growth rate, over 1 year",2013-07,,4.749721,,A,Normal value,,,,,,,2,Two
DATAFLOW,OECD.SDD.TPS:DSD_PRICES@DF_PRICES_ALL(1.0),"Consumer price indices (CPIs, HICPs), COICOP 1999",I,USA,United States,M,Monthly,N,National,CPI,Consumer price index,PA,Percent per annum,CP045_0722,Energy,N,Neither seasonally adjusted nor calendar adjusted,GY,"Growth rate, over 1 year",2013-06,,3.175695,,A,Normal value,,,,,,,2,Two
DATAFLOW,OECD.SDD.TPS:DSD_PRICES@DF_PRICES_ALL(1.0),"Consumer price indices (CPIs, HICPs), COICOP 1999",I,USA,United States,M,Monthly,N,National,CPI,Consumer price index,PA,Percent per annum,CP045_0722,Energy,N,Neither seasonally adjusted nor calendar adjusted,GY,"Growth rate, over 1 year",2013-05,,-0.999177,,A,Normal value,,,,,,,2,Two
DATAFLOW,OECD.SDD.TPS:DSD_PRICES@DF_PRICES_ALL(1.0),"Consumer price indices (CPIs, HICPs), COICOP 1999",I,USA,United States,M,Monthly,N,National,CPI,Consumer price index,PA,Percent per annum,CP045_0722,Energy,N,Neither seasonally adjusted nor calendar adjusted,GY,"Growth rate, over 1 year",2013-04,,-4.293099,,A,Normal value,,,,,,,2,Two
DATAFLOW,OECD.SDD.TPS:DSD_PRICES@DF_PRICES_ALL(1.0),"Consumer price indices (CPIs, HICPs), COICOP 1999",I,USA,United States,M,Monthly,N,National,CPI,Consumer price index,PA,Percent per annum,CP045_0722,Energy,N,Neither seasonally adjusted nor calendar adjusted,GY,"Growth rate, over 1 year",2013-03,,-1.5907,,A,Normal value,,,,,,,2,Two
DATAFLOW,OECD.SDD.TPS:DSD_PRICES@DF_PRICES_ALL(1.0),"Consumer price indices (CPIs, HICPs), COICOP 1999",I,USA,United States,M,Monthly,N,National,CPI,Consumer price index,PA,Percent per annum,CP045_0722,Energy,N,Neither seasonally adjusted nor calendar adjusted,GY,"Growth rate, over 1 year",2013-02,,2.259512,,A,Normal value,,,,,,,2,Two
DATAFLOW,OECD.SDD.TPS:DSD_PRICES@DF_PRICES_ALL(1.0),"Consumer price indices (CPIs, HICPs), COICOP 1999",I,USA,United States,M,Monthly,N,National,CPI,Consumer price index,PA,Percent per annum,CP045_0722,Energy,N,Neither seasonally adjusted nor calendar adjusted,GY,"Growth rate, over 1 year",2013-01,,-0.9782985,,A,Normal value,,,,,,,2,Two
DATAFLOW,OECD.SDD.TPS:DSD_PRICES@DF_PRICES_ALL(1.0),"Consumer price indices (CPIs, HICPs), COICOP 1999",I,USA,United States,M,Monthly,N,National,CPI,Consumer price index,PA,Percent per annum,CP045_0722,Energy,N,Neither seasonally adjusted nor calendar adjusted,GY,"Growth rate, over 1 year",2012-12,,0.5049505,,A,Normal value,,,,,,,2,Two
DATAFLOW,OECD.SDD.TPS:DSD_PRICES@DF_PRICES_ALL(1.0),"Consumer price indices (CPIs, HICPs), COICOP 1999",I,USA,United States,M,Monthly,N,National,CPI,Consumer price index,PA,Percent per annum,CP045_0722,Energy,N,Neither seasonally adjusted nor calendar adjusted,GY,"Growth rate, over 1 year",2012-11,,0.3228691,,A,Normal value,,,,,,,2,Two
DATAFLOW,OECD.SDD.TPS:DSD_PRICES@DF_PRICES_ALL(1.0),"Consumer price indices (CPIs, HICPs), COICOP 1999",I,USA,United States,M,Monthly,N,National,CPI,Consumer price index,PA,Percent per annum,CP045_0722,Energy,N,Neither seasonally adjusted nor calendar adjusted,GY,"Growth rate, over 1 year",2012-10,,3.99374,,A,Normal value,,,,,,,2,Two
DATAFLOW,OECD.SDD.TPS:DSD_PRICES@DF_PRICES_ALL(1.0),"Consumer price indices (CPIs, HICPs), COICOP 1999",I,USA,United States,M,Monthly,N,National,CPI,Consumer price index,PA,Percent per annum,CP045_0722,Energy,N,Neither seasonally adjusted nor calendar adjusted,GY,"Growth rate, over 1 year",2012-09,,2.336314,,A,Normal value,,,,,,,2,Two
DATAFLOW,OECD.SDD.TPS:DSD_PRICES@DF_PRICES_ALL(1.0),"Consumer price indices (CPIs, HICPs), COICOP 1999",I,USA,United States,M,Monthly,N,National,CPI,Consumer price index,PA,Percent per annum,CP045_0722,Energy,N,Neither seasonally adjusted nor calendar adjusted,GY,"Growth rate, over 1 year",2012-08,,-0.5562044,,A,Normal value,,,,,,,2,Two
DATAFLOW,OECD.SDD.TPS:DSD_PRICES@DF_PRICES_ALL(1.0),"Consumer price indices (CPIs, HICPs), COICOP 1999",I,USA,United States,M,Monthly,N,National,CPI,Consumer price index,PA,Percent per annum,CP045_0722,Energy,N,Neither seasonally adjusted nor calendar adjusted,GY,"Growth rate, over 1 year",2012-07,,-5.022144,,A,Normal value,,,,,,,2,Two
DATAFLOW,OECD.SDD.TPS:DSD_PRICES@DF_PRICES_ALL(1.0),"Consumer price indices (CPIs, HICPs), COICOP 1999",I,USA,United States,M,Monthly,N,National,CPI,Consumer price index,PA,Percent per annum,CP045_0722,Energy,N,Neither seasonally adjusted nor calendar adjusted,GY,"Growth rate, over 1 year",2012-06,,-3.935555,,A,Normal value,,,,,,,2,Two
DATAFLOW,OECD.SDD.TPS:DSD_PRICES@DF_PRICES_ALL(1.0),"Consumer price indices (CPIs, HICPs), COICOP 1999",I,USA,United States,M,Monthly,N,National,CPI,Consumer price index,PA,Percent per annum,CP045_0722,Energy,N,Neither seasonally adjusted nor calendar adjusted,GY,"Growth rate, over 1 year",2012-05,,-3.867484,,A,Normal value,,,,,,,2,Two
DATAFLOW,OECD.SDD.TPS:DSD_PRICES@DF_PRICES_ALL(1.0),"Consumer price indices (CPIs, HICPs), COICOP 1999",I,USA,United States,M,Monthly,N,National,CPI,Consumer price index,PA,Percent per annum,CP045_0722,Energy,N,Neither seasonally adjusted nor calendar adjusted,GY,"Growth rate, over 1 year",2012-04,,0.8840411,,A,Normal value,,,,,,,2,Two
DATAFLOW,OECD.SDD.TPS:DSD_PRICES@DF_PRICES_ALL(1.0),"Consumer price indices (CPIs, HICPs), COICOP 1999",I,USA,United States,M,Monthly,N,National,CPI,Consumer price index,PA,Percent per annum,CP045_0722,Energy,N,Neither seasonally adjusted nor calendar adjusted,GY,"Growth rate, over 1 year",2012-03,,4.570008,,A,Normal value,,,,,,,2,Two
DATAFLOW,OECD.SDD.TPS:DSD_PRICES@DF_PRICES_ALL(1.0),"Consumer price indices (CPIs, HICPs), COICOP 1999",I,USA,United States,M,Monthly,N,National,CPI,Consumer price index,PA,Percent per annum,CP045_0722,Energy,N,Neither seasonally adjusted nor calendar adjusted,GY,"Growth rate, over 1 year",2012-02,,6.96597,,A,Normal value,,,,,,,2,Two
DATAFLOW,OECD.SDD.TPS:DSD_PRICES@DF_PRICES_ALL(1.0),"Consumer price indices (CPIs, HICPs), COICOP 1999",I,USA,United States,M,Monthly,N,National,CPI,Consumer price index,PA,Percent per annum,CP045_0722,Energy,N,Neither seasonally adjusted nor calendar adjusted,GY,"Growth rate, over 1 year",2012-01,,6.125429,,A,Normal value,,,,,,,2,Two
DATAFLOW,OECD.SDD.TPS:DSD_PRICES@DF_PRICES_ALL(1.0),"Consumer price indices (CPIs, HICPs), COICOP 1999",I,USA,United States,M,Monthly,N,National,CPI,Consumer price index,PA,Percent per annum,CP045_0722,Energy,N,Neither seasonally adjusted nor calendar adjusted,GY,"Growth rate, over 1 year",2011-12,,6.582612,,A,Normal value,,,,,,,2,Two
DATAFLOW,OECD.SDD.TPS:DSD_PRICES@DF_PRICES_ALL(1.0),"Consumer price indices (CPIs, HICPs), COICOP 1999",I,USA,United States,M,Monthly,N,National,CPI,Consumer price index,PA,Percent per annum,CP045_0722,Energy,N,Neither seasonally adjusted nor calendar adjusted,GY,"Growth rate, over 1 year",2011-11,,12.36354,,A,Normal value,,,,,,,2,Two
DATAFLOW,OECD.SDD.TPS:DSD_PRICES@DF_PRICES_ALL(1.0),"Consumer price indices (CPIs, HICPs), COICOP 1999",I,USA,United States,M,Monthly,N,National,CPI,Consumer price index,PA,Percent per annum,CP045_0722,Energy,N,Neither seasonally adjusted nor calendar adjusted,GY,"Growth rate, over 1 year",2011-10,,14.20025,,A,Normal value,,,,,,,2,Two
